magazine_id,issue_id,issue_label,issue_date_iso,language,form
20,01_0000-01-01,01,0000-01-01,ru,
20,02_1999-12-12,02,1999-12-12,ru,
20,03_2000-02-23,03,2000-02-23,ru,
20,04_2000-03-13,04,2000-03-13,ru,
20,05_2001-12-17,05,2001-12-17,ru,
200,A_1994-08-01,A,1994-08-01,ru,
200,B_1994-10-01,B,1994-10-01,ru,
200,D_1995-07-01,D,1995-07-01,ru,
200,G_1995-05-01,G,1995-05-01,ru,
200,W_1995-01-01,W,1995-01-01,ru,
3Bit,01_2005-01-03,01,2005-01-03,ru,
47th_Byte,01_0000-01-01,01,0000-01-01,ru,
ACNews,01_2001-06-18,01,2001-06-18,ru,
ACNews,02_2001-07-08,02,2001-07-08,ru,
ACNews,03_2001-07-25,03,2001-07-25,ru,
ACNews,04_2001-08-19,04,2001-08-19,ru,
ACNews,05_2001-09-04,05,2001-09-04,ru,
ACNews,06_2001-11-01,06,2001-11-01,ru,
ACNews,07_2002-02-28,07,2002-02-28,ru,
ACNews,08_2002-06-18,08,2002-06-18,ru,
ACNews,09_2002-06-22,09,2002-06-22,ru,
ACNews,10_2002-07-29,10,2002-07-29,ru,
ACNews,11_2002-09-25,11,2002-09-25,ru,
ACNews,12_2002-10-07,12,2002-10-07,ru,
ACNews,13_2002-10-31,13,2002-10-31,ru,
ACNews,14_2002-12-31,14,2002-12-31,ru,
ACNews,15_2003-03-21,15,2003-03-21,ru,
ACNews,16_2003-03-31,16,2003-03-31,ru,
ACNews,17_2003-05-05,17,2003-05-05,ru,
ACNews,18_2003-05-08,18,2003-05-08,ru,
ACNews,19_2003-05-28,19,2003-05-28,ru,
ACNews,20_2003-06-24,20,2003-06-24,ru,
ACNews,21_2003-07-24,21,2003-07-24,ru,
ACNews,22_2003-08-20,22,2003-08-20,ru,
ACNews,23_2003-09-17,23,2003-09-17,ru,
ACNews,24_2003-11-01,24,2003-11-01,ru,
ACNews,25_2003-12-31,25,2003-12-31,ru,
ACNews,26_2004-01-12,26,2004-01-12,ru,
ACNews,27_2004-02-28,27,2004-02-28,ru,
ACNews,28_2004-03-15,28,2004-03-15,ru,
ACNews,29_2004-03-31,29,2004-03-31,ru,
ACNews,30_2004-05-30,30,2004-05-30,ru,
ACNews,31_2004-06-26,31,2004-06-26,ru,
ACNews,32_2004-07-10,32,2004-07-10,ru,
ACNews,33_2004-09-01,33,2004-09-01,ru,
ACNews,34_2004-09-29,34,2004-09-29,ru,
ACNews,35_2004-11-06,35,2004-11-06,ru,
ACNews,37_2004-12-31,37,2004-12-31,ru,
ACNews,38_2005-01-24,38,2005-01-24,ru,
ACNews,39_2005-03-17,39,2005-03-17,ru,
ACNews,40_2005-04-01,40,2005-04-01,ru,
ACNews,41_2005-06-24,41,2005-06-24,ru,
ACNews,42_2005-07-13,42,2005-07-13,ru,
ACNews,43_2005-09-04,43,2005-09-04,ru,
ACNews,44_2005-12-25,44,2005-12-25,ru,
ACNews,45_2006-01-31,45,2006-01-31,ru,
ACNews,46_2006-02-26,46,2006-02-26,ru,
ACNews,47_2006-04-01,47,2006-04-01,ru,
ACNews,48_2006-10-05,48,2006-10-05,ru,
ACNews,49_2007-03-24,49,2007-03-24,ru,
ACNews,50_2007-04-01,50,2007-04-01,ru,
ACNews,51_2008-02-08,51,2008-02-08,ru,
ACNews,52_2008-09-16,52,2008-09-16,ru,
ACNews,53_2008-11-12,53,2008-11-12,ru,
ACNews,54_2009-01-21,54,2009-01-21,ru,
ACNews,55_2009-05-18,55,2009-05-18,ru,
ACNews,56_2010-09-12,56,2010-09-12,ru,
ACNews,57_2013-10-23,57,2013-10-23,ru,
ACNews,58_2014-05-26,58,2014-05-26,ru,
ACNews,59_2005-11-02,59,2005-11-02,ru,
ACNews,60_2015-12-15,60,2015-12-15,ru,
ACNews,61_2016-01-21,61,2016-01-21,ru,
ACNews,62_2015-12-17,62,2015-12-17,ru,
ACNews,63_2016-12-26,63,2016-12-26,ru,
ACNews,64_2017-01-06,64,2017-01-06,ru,
ACNews,65_2017-02-06,65,2017-02-06,ru,
ACNews,66_2017-02-06,66,2017-02-06,ru,
ACNews,67_2017-03-01,67,2017-03-01,ru,
ACNews,68_2017-08-30,68,2017-08-30,ru,
ACNews,69_2018-04-07,69,2018-04-07,ru,
ACNews,70_2018-05-02,70,2018-05-02,ru,
ACNews,71_2018-08-03,71,2018-08-03,ru,
ACNews,72_2018-11-19,72,2018-11-19,ru,
ACNews,73_2020-07-14,73,2020-07-14,ru,
Adventurer,01_1995-12-31,01,1995-12-31,ru,
Adventurer,02_1996-03-16,02,1996-03-16,ru,
Adventurer,03_1996-04-30,03,1996-04-30,ru,
Adventurer,04_1996-07-31,04,1996-07-31,ru,
Adventurer,05_1996-11-30,05,1996-11-30,ru,
Adventurer,06_1997-02-28,06,1997-02-28,ru,
Adventurer,07_1998-01-31,07,1998-01-31,ru,
Adventurer,08_1998-08-31,08,1998-08-31,ru,
Adventurer,09_1999-04-30,09,1999-04-30,ru,
Adventurer,10_1999-09-30,10,1999-09-30,ru,
Adventurer,11_2000-07-31,11,2000-07-31,ru,
Adventurer,12_2001-01-31,12,2001-01-31,ru,
Adventurer,13_2002-03-31,13,2002-03-31,ru,
Adventurer,14_2003-06-30,14,2003-06-30,ru,
Adventurer,15_2004-07-31,15,2004-07-31,ru,
All_Paper,01_0000-01-01,01,0000-01-01,ru,
Always,01_1999-11-04,01,1999-11-04,ru,
Always,02_1999-11-21,02,1999-11-21,ru,
Always,03_2000-04-01,03,2000-04-01,ru,
Amazing,01_1997-09-29,01,1997-09-29,ru,
Amazing,02_1998-07-14,02,1998-07-14,ru,
Amiga_Info,01_1997-05-21,01,1997-05-21,ru,
Amiga_Info,02_1997-05-31,02,1997-05-31,ru,
Amiga_News,00_1998-02-11,00,1998-02-11,ru,
Amiga_News,01_1997-08-31,01,1997-08-31,ru,
Amigoz,01_1997-10-19,01,1997-10-19,ru,
Amigoz,02_1997-11-04,02,1997-11-04,ru,
Amigoz,03_1997-12-14,03,1997-12-14,ru,
Anecdotes,01_1997-04-01,01,1997-04-01,ru,
Anigdot,19_1996-02-02,19,1996-02-02,ru,
Anigdot,22_1996-02-23,22,1996-02-23,ru,
Anigdot,24_1996-03-08,24,1996-03-08,ru,
Anigdot,25_1996-03-15,25,1996-03-15,ru,
Anigdot,26_1996-03-22,26,1996-03-22,ru,
Anigdot,27_1996-03-29,27,1996-03-29,ru,
Anigdot,28_1996-04-12,28,1996-04-12,ru,
Anigdot,36_1996-08-15,36,1996-08-15,ru,
Anigdot,37_1996-08-23,37,1996-08-23,ru,
Anigdot,38_1996-08-30,38,1996-08-30,ru,
Anigdot,39_1996-09-06,39,1996-09-06,ru,
Anigdot,40_1996-09-13,40,1996-09-13,ru,
Anigdot,41_1996-09-20,41,1996-09-20,ru,
Anigdot,42_1996-09-27,42,1996-09-27,ru,
Anigdot,43_1996-10-05,43,1996-10-05,ru,
Anigdot,44_1996-10-11,44,1996-10-11,ru,
Anigdot,45_1996-10-25,45,1996-10-25,ru,
Anigdot,46_1996-11-01,46,1996-11-01,ru,
Anigdot,47_1996-11-09,47,1996-11-09,ru,
Anti-Top,01_1997-03-28,01,1997-03-28,ru,
Antivel,01_1998-08-09,01,1998-08-09,ru,
Aspect,01_1997-12-05,01,1997-12-05,ru,
Aspect,02_1997-12-28,02,1997-12-28,ru,
Aspect,03_1998-01-10,03,1998-01-10,ru,
Aspect,04_1998-01-18,04,1998-01-18,ru,
Aspect,05_1998-01-29,05,1998-01-29,ru,
Aspect,06_1998-02-10,06,1998-02-10,ru,
Aspect,07_1998-03-07,07,1998-03-07,ru,
Aspect,08_1998-04-07,08,1998-04-07,ru,
Aspect,09_1998-05-21,09,1998-05-21,ru,
Aspect,10_1999-06-14,10,1999-06-14,ru,
Avro_News,00_2006-03-12,00,2006-03-12,ru,
Avro_News,01_2006-03-31,01,2006-03-31,ru,
Avro_News,02_2006-08-31,02,2006-08-31,ru,
Avro_News,03_2006-10-08,03,2006-10-08,ru,
Avro_News,04_2006-10-27,04,2006-10-27,ru,
Baltic_Press,00_1998-09-29,00,1998-09-29,ru,
Best_of,01_0000-01-01,01,0000-01-01,ru,
Best_of,02_0000-01-01,02,0000-01-01,ru,
Best_of,03_0000-01-01,03,0000-01-01,ru,
Black_Crow,01_1998-06-01,01,1998-06-01,ru,
Black_Crow,02_1998-11-01,02,1998-11-01,ru,
Black_Crow,03_2000-06-27,03,2000-06-27,ru,
Black_Crow,04_2000-09-01,04,2000-09-01,ru,
Black_Crow,05_2001-02-01,05,2001-02-01,ru,
Black_Crow,06_2001-06-01,06,2001-06-01,ru,
Black_Crow,07_2001-09-01,07,2001-09-01,ru,
Black_Metall,01_2004-03-31,01,2004-03-31,ru,
Black_Metall,02_2004-04-26,02,2004-04-26,ru,
Black_Metall,03_2004-07-02,03,2004-07-02,ru,
Black_Metall,04_2004-09-16,04,2004-09-16,ru,
Body,01_1997-05-25,01,1997-05-25,ru,
Body,02_1997-06-03,02,1997-06-03,ru,
Body,03_1997-06-09,03,1997-06-09,ru,
Body,04_1997-06-13,04,1997-06-13,ru,
Body,05_1997-06-14,05,1997-06-14,ru,
Body,06_1997-06-20,06,1997-06-20,ru,
Body,07_1997-06-25,07,1997-06-25,ru,
Body,08_1997-07-02,08,1997-07-02,ru,
Body,09_1997-07-10,09,1997-07-10,ru,
Body,0A_1997-08-28,0A,1997-08-28,ru,
Body,0B_1997-09-24,0B,1997-09-24,ru,
Body,0C_1997-10-11,0C,1997-10-11,ru,
Body,0D_1997-12-11,0D,1997-12-11,ru,
Body,0E_1998-01-21,0E,1998-01-21,ru,
Body,0F_1998-04-28,0F,1998-04-28,ru,
Body,10_1998-05-21,10,1998-05-21,ru,
Body,11_1999-07-27,11,1999-07-27,ru,
Body,12_1999-07-31,12,1999-07-31,ru,
Body,13_1999-08-07,13,1999-08-07,ru,
Body,14_1999-08-12,14,1999-08-12,ru,
Body,15_1999-08-19,15,1999-08-19,ru,
Body,16_1999-08-22,16,1999-08-22,ru,
Body,17_1999-09-30,17,1999-09-30,ru,
Body,18_2000-03-09,18,2000-03-09,ru,
Body,19_2000-05-04,19,2000-05-04,ru,
Body,1A_2000-05-08,1A,2000-05-08,ru,
Body,1B_2000-06-21,1B,2000-06-21,ru,
Body,1C_2000-07-18,1C,2000-07-18,ru,
Body,1D_2000-07-31,1D,2000-07-31,ru,
Body,1E_2000-08-30,1E,2000-08-30,ru,
Body,1F_2000-10-28,1F,2000-10-28,ru,
Body,20_2000-12-13,20,2000-12-13,ru,
Body,21_2000-11-14,21,2000-11-14,ru,
Body,22_2000-12-28,22,2000-12-28,ru,
Body,23_2001-01-11,23,2001-01-11,ru,
Body,24_2001-01-17,24,2001-01-17,ru,
Body,25_2001-02-14,25,2001-02-14,ru,
Body,26_2001-02-23,26,2001-02-23,ru,
Body,27_2001-03-10,27,2001-03-10,ru,
Body,28_2001-03-25,28,2001-03-25,ru,
Body,29_2001-04-21,29,2001-04-21,ru,
Body,2B_2001-06-01,2B,2001-06-01,ru,
Body,2C_2001-07-14,2C,2001-07-14,ru,
Body,2D_2001-09-14,2D,2001-09-14,ru,
Body,2E_2001-09-16,2E,2001-09-16,ru,
Body,2F_2001-09-30,2F,2001-09-30,ru,
Body,30_2001-12-01,30,2001-12-01,ru,
Body,31_2001-12-25,31,2001-12-25,ru,
Body,31a_2001-12-25,31a,2001-12-25,ru,
Body,32_2002-02-16,32,2002-02-16,ru,
Body,33_2002-02-26,33,2002-02-26,ru,
Body,34_2002-03-16,34,2002-03-16,ru,
Body,35_2002-03-23,35,2002-03-23,ru,
Body,36_2002-04-02,36,2002-04-02,ru,
Body,37a_2002-05-16,37a,2002-05-16,ru,
Body,37b_2002-05-16,37b,2002-05-16,ru,
Body,37c_2002-05-16,37c,2002-05-16,ru,
Body,38_2002-05-25,38,2002-05-25,ru,
Body,39_2002-05-31,39,2002-05-31,ru,
Body,3A_2002-06-16,3A,2002-06-16,ru,
Body,3B_2002-07-19,3B,2002-07-19,ru,
Body,3C#_2002-10-21,3C#,2002-10-21,ru,
Body,3C_2002-10-21,3C,2002-10-21,ru,
Body,3D#_2002-11-26,3D#,2002-11-26,ru,
Body,3D_2002-11-26,3D,2002-11-26,ru,
Body,3E_2003-02-08,3E,2003-02-08,ru,
Body,3F#_2003-04-26,3F#,2003-04-26,ru,
Body,3F_2003-04-26,3F,2003-04-26,ru,
Body,3e#_2003-02-08,3e#,2003-02-08,ru,
Bonus,15_1999-12-25,15,1999-12-25,ru,
Bonus,16_1999-12-26,16,1999-12-26,ru,
Bonus,17_2000-01-15,17,2000-01-15,ru,
Bonus,18_2000-01-22,18,2000-01-22,ru,
Bonus,19_2000-02-05,19,2000-02-05,ru,
Book,01_2003-02-05,01,2003-02-05,ru,
Book,02_2003-02-05,02,2003-02-05,ru,
Born_Dead,01_1998-10-24,01,1998-10-24,ru,
Born_Dead,02_1998-11-04,02,1998-11-04,ru,
Born_Dead,03_1998-11-08,03,1998-11-08,ru,
Born_Dead,04_1998-11-21,04,1998-11-21,ru,
Born_Dead,05_1999-01-06,05,1999-01-06,ru,
Born_Dead,06_1999-02-17,06,1999-02-17,ru,
Born_Dead,07_1999-03-12,07,1999-03-12,ru,
Born_Dead,08_1999-04-19,08,1999-04-19,ru,
Born_Dead,09_1999-05-30,09,1999-05-30,ru,
Born_Dead,0A_1999-06-02,0A,1999-06-02,ru,
Born_Dead,0B_1999-07-31,0B,1999-07-31,ru,
Born_Dead,0C_1999-09-11,0C,1999-09-11,ru,
Born_Dead,0D_1999-10-08,0D,1999-10-08,ru,
Born_Dead,0E_1999-12-19,0E,1999-12-19,ru,
Born_Dead,0F_2000-02-08,0F,2000-02-08,ru,
Born_Dead,0G_2000-03-31,0G,2000-03-31,ru,
Born_Dead,10_2000-07-02,10,2000-07-02,ru,
Bred,01_0000-01-01,01,0000-01-01,ru,
Bred,01_2002-09-30,01,2002-09-30,ru,
Bred,02_0000-01-01,02,0000-01-01,ru,
Bred,02_2002-09-30,02,2002-09-30,ru,
Bred,07_0000-01-01,07,0000-01-01,ru,
Bred,11_1996-05-07,11,1996-05-07,ru,
Breeze,06_1997-03-31,06,1997-03-31,ru,
Breeze,09_1997-07-04,09,1997-07-04,ru,
Breeze,10_1997-08-21,10,1997-08-21,ru,
Bugs,01_1999-09-30,01,1999-09-30,ru,
Bugs,02_1999-12-31,02,1999-12-31,ru,
Buhenvald,01_1997-12-12,01,1997-12-12,ru,
Buhenvald,02_1997-12-22,02,1997-12-22,ru,
Buhenvald,03_1997-12-29,03,1997-12-29,ru,
Burn_the_Lighter,01_2011-11-15,01,2011-11-15,ru,
Burn_the_Lighter,02_2011-11-15,02,2011-11-15,ru,
Burn_the_Lighter,03_2012-09-12,03,2012-09-12,ru,
Burn_the_Lighter,04_2012-09-24,04,2012-09-24,ru,
Buzz,01_1997-02-28,01,1997-02-28,ru,
Buzz,02_1997-03-19,02,1997-03-19,ru,
Buzz,03_1997-04-09,03,1997-04-09,ru,
Buzz,04_1997-04-26,04,1997-04-26,ru,
Buzz,05_1997-05-19,05,1997-05-19,ru,
Buzz,06_1997-05-31,06,1997-05-31,ru,
Buzz,07_1997-06-06,07,1997-06-06,ru,
Buzz,08_1997-06-19,08,1997-06-19,ru,
Buzz,09_1997-08-09,09,1997-08-09,ru,
Buzz,10_1997-09-16,10,1997-09-16,ru,
Buzz,11_1997-10-22,11,1997-10-22,ru,
Buzz,12_1997-12-30,12,1997-12-30,ru,
Buzz,13_1998-02-12,13,1998-02-12,ru,
Buzz,14_1998-04-29,14,1998-04-29,ru,
Buzz,15_1998-07-09,15,1998-07-09,ru,
Buzz,16_1998-09-26,16,1998-09-26,ru,
Buzz,17_1999-04-10,17,1999-04-10,ru,
Buzz,18_1999-10-11,18,1999-10-11,ru,
Buzz,19_2000-08-18,19,2000-08-18,ru,
Buzz,20_2001-12-31,20,2001-12-31,ru,
Cancer,01_0000-01-01,01,0000-01-01,ru,
Cancer,02_0000-01-01,02,0000-01-01,ru,
Chaos,01_1997-08-01,01,1997-08-01,ru,
Cheat,01_1998-02-01,01,1998-02-01,ru,
Cheat,03 demo_1998-10-01,03 demo,1998-10-01,ru,
Cheat,"2,5_1998-08-01","2,5",1998-08-01,ru,
Chudo,02_0000-01-01,02,0000-01-01,ru,
City,01_1998-03-08,01,1998-03-08,ru,
City,01_1999-03-06,01,1999-03-06,ru,
City,02_1998-04-13,02,1998-04-13,ru,
City,02_1999-03-08,02,1999-03-08,ru,
City,03_1999-03-13,03,1999-03-13,ru,
City,04_1999-03-19,04,1999-03-19,ru,
City,05_1999-03-21,05,1999-03-21,ru,
City,06_1999-03-24,06,1999-03-24,ru,
City,07_1999-03-28,07,1999-03-28,ru,
City,08_1999-03-31,08,1999-03-31,ru,
City,09_1999-03-31,09,1999-03-31,ru,
City,10_1999-04-10,10,1999-04-10,ru,
City,11_1999-05-05,11,1999-05-05,ru,
City,12_1999-05-14,12,1999-05-14,ru,
City,13_1999-05-29,13,1999-05-29,ru,
City,14_1999-06-06,14,1999-06-06,ru,
City,15_1999-06-14,15,1999-06-14,ru,
City,16_1999-06-29,16,1999-06-29,ru,
City,17_1999-07-06,17,1999-07-06,ru,
City,18_1999-07-09,18,1999-07-09,ru,
City,19_1999-07-14,19,1999-07-14,ru,
City,20_1999-07-14,20,1999-07-14,ru,
City,21_1999-07-24,21,1999-07-24,ru,
City,22_1999-07-26,22,1999-07-26,ru,
City,23_1999-08-06,23,1999-08-06,ru,
City,24_1999-08-12,24,1999-08-12,ru,
City,25_1999-08-16,25,1999-08-16,ru,
City,26_1999-08-30,26,1999-08-30,ru,
City,27_1999-09-09,27,1999-09-09,ru,
City,28_1999-09-15,28,1999-09-15,ru,
City,29_1999-09-19,29,1999-09-19,ru,
City,30_1999-09-25,30,1999-09-25,ru,
City,31_1999-10-01,31,1999-10-01,ru,
City,32_1999-10-04,32,1999-10-04,ru,
City,33_1999-10-17,33,1999-10-17,ru,
City,34_1999-11-06,34,1999-11-06,ru,
City,35_1999-12-04,35,1999-12-04,ru,
City,36_1999-12-11,36,1999-12-11,ru,
City,37_1999-12-17,37,1999-12-17,ru,
City,38_1999-12-29,38,1999-12-29,ru,
City,39_2000-01-14,39,2000-01-14,ru,
City,40_2000-02-08,40,2000-02-08,ru,
City,41_2000-03-06,41,2000-03-06,ru,
City,42_2000-03-25,42,2000-03-25,ru,
City,43_2000-04-09,43,2000-04-09,ru,
City,44_2000-05-19,44,2000-05-19,ru,
City,45_2000-06-09,45,2000-06-09,ru,
City,46_2000-06-09,46,2000-06-09,ru,
City,47_2000-06-19,47,2000-06-19,ru,
City,48_2000-08-25,48,2000-08-25,ru,
City,49_2000-10-20,49,2000-10-20,ru,
City,50_2000-11-19,50,2000-11-19,ru,
City,51_2000-12-09,51,2000-12-09,ru,
City,52_2001-02-24,52,2001-02-24,ru,
City,53_2001-05-14,53,2001-05-14,ru,
Clime,01_1998-03-02,01,1998-03-02,ru,
Clime,02_1998-03-19,02,1998-03-19,ru,
Clime,03_1998-07-25,03,1998-07-25,ru,
Codemania,01_1999-12-31,01,1999-12-31,ru,
Crazy_News,1_1996-01-01,1,1996-01-01,ru,
Crazy_News,2_1997-01-01,2,1997-01-01,ru,
Crazy_News,3_1997-01-01,3,1997-01-01,ru,
Crazy_News,4_1997-01-01,4,1997-01-01,ru,
Crazy_News,5_1997-01-01,5,1997-01-01,ru,
Crossroads,04_1999-04-30,04,1999-04-30,ru,
Crossroads,05_1999-09-05,05,1999-09-05,ru,
Crossroads,07_1999-10-31,07,1999-10-31,ru,
Crystal_Dream,01_1996-10-31,01,1996-10-31,ru,
CyberSex,01_1998-10-22,01,1998-10-22,ru,
CyberSex,02_1999-03-19,02,1999-03-19,ru,
Cyberman,0602_1999-02-05,0602,1999-02-05,ru,
Cyberman,2102_1999-02-20,2102,1999-02-20,ru,
Cyberman,2601_1999-01-25,2601,1999-01-25,ru,
Cyberman,3101_1999-01-30,3101,1999-01-30,ru,
Deja_Vu,00_1997-03-17,00,1997-03-17,ru,
Deja_Vu,01_1997-06-30,01,1997-06-30,ru,
Deja_Vu,02_1997-09-30,02,1997-09-30,ru,
Deja_Vu,03_1997-12-31,03,1997-12-31,ru,
Deja_Vu,04_1998-03-31,04,1998-03-31,ru,
Deja_Vu,05_1998-05-31,05,1998-05-31,ru,
Deja_Vu,06_1998-09-30,06,1998-09-30,ru,
Deja_Vu,07_1997-12-31,07,1997-12-31,ru,
Deja_Vu,08_1999-05-31,08,1999-05-31,ru,
Deja_Vu,09_1999-11-13,09,1999-11-13,ru,
Deja_Vu,0A_2000-09-30,0A,2000-09-30,ru,
Deja_Vu,XX_2000-07-20,XX,2000-07-20,ru,
Demo_or_Die,01_1999-02-28,01,1999-02-28,ru,
Demo_or_Die,02_1999-07-31,02,1999-07-31,ru,
Depress,00_2002-05-01,00,2002-05-01,ru,
Depress,01_2002-06-02,01,2002-06-02,ru,
Depress,02_2002-10-08,02,2002-10-08,ru,
Depth,00_1997-10-15,00,1997-10-15,ru,
Depth,01_1997-10-14,01,1997-10-14,ru,
Depth,02_1998-02-28,02,1998-02-28,ru,
Dermo,01_0000-01-01,01,0000-01-01,ru,
Di_Halt,01_1995-12-31,01,1995-12-31,ru,
Dni-Pro,01_2000-11-18,01,2000-11-18,ru,
Dni-Pro,02_2001-03-30,02,2001-03-30,ru,
Dnieprobite,01_2003-09-28,01,2003-09-28,ru,
Dnieprobite,02_2003-10-08,02,2003-10-08,ru,
Dnieprobite,03_2003-10-31,03,2003-10-31,ru,
Dnieprobite,04_2003-11-13,04,2003-11-13,ru,
DonNews,01_1999-01-10,01,1999-01-10,ru,
DonNews,02_1999-01-19,02,1999-01-19,ru,
DonNews,03_1999-01-28,03,1999-01-28,ru,
DonNews,04_1999-02-06,04,1999-02-06,ru,
DonNews,05_1999-02-15,05,1999-02-15,ru,
DonNews,06_1999-03-15,06,1999-03-15,ru,
DonNews,07_1999-04-23,07,1999-04-23,ru,
DonNews,08_1999-07-05,08,1999-07-05,ru,
DonNews,09_1999-11-12,09,1999-11-12,ru,
DonNews,10_2000-01-21,10,2000-01-21,ru,
DonNews,11_2000-04-21,11,2000-04-21,ru,
DonNews,12_2000-09-09,12,2000-09-09,ru,
DonNews,13_2001-01-01,13,2001-01-01,ru,
DonNews,14_2001-03-26,14,2001-03-26,ru,
DonNews,15_2001-07-16,15,2001-07-16,ru,
DonNews,16_2002-03-22,16,2002-03-22,ru,
DonNews,17_2002-04-30,17,2002-04-30,ru,
DonNews,18_2002-12-11,18,2002-12-11,ru,
DonNews,19_2003-02-26,19,2003-02-26,ru,
DonNews,20_2004-02-26,20,2004-02-26,ru,
DonNews,21_2005-03-27,21,2005-03-27,ru,
Dr__Longman_s_News,00_0000-01-01,00,0000-01-01,ru,
Dr__Longman_s_News,01_0000-01-01,01,0000-01-01,ru,
Dr__Longman_s_News,02_0000-01-01,02,0000-01-01,ru,
Dr__Longman_s_News,03_0000-01-01,03,0000-01-01,ru,
Dr__Longman_s_News,04_1995-02-02,04,1995-02-02,ru,
Du_Hast,01_2000-07-07,01,2000-07-07,ru,
Dune,01_0000-01-01,01,0000-01-01,ru,
Dune,02_0000-01-01,02,0000-01-01,ru,
Dune,03_0000-01-01,03,0000-01-01,ru,
Dune,06_0000-01-01,06,0000-01-01,ru,
Dune,07_1994-12-31,07,1994-12-31,ru,
EMSlog,01_1998-10-22,01,1998-10-22,ru,
Echo,01_1996-10-31,01,1996-10-31,ru,
Echo,02_1996-11-30,02,1996-11-30,ru,
Echo,03_1997-03-31,03,1997-03-31,ru,
Echo,04_1997-01-31,04,1997-01-31,ru,
Echo,05_1998-08-31,05,1998-08-31,ru,
Echo,06_2000-06-30,06,2000-06-30,ru,
Echo,07_2000-10-31,07,2000-10-31,ru,
Eldorado,01_1994-12-31,01,1994-12-31,ru,
Eldorado,02_1996-01-19,02,1996-01-19,ru,
Emulate,01_1995-08-31,01,1995-08-31,ru,
Emulate,02_1995-09-30,02,1995-09-30,ru,
Emulate,03_1995-10-31,03,1995-10-31,ru,
Emulate,04_1995-11-30,04,1995-11-30,ru,
Emulate,05_1996-02-29,05,1996-02-29,ru,
Emulate,06_1996-05-31,06,1996-05-31,ru,
Emulate,Special Edition_1996-05-31,Special Edition,1996-05-31,ru,
Energy,01_1998-03-31,01,1998-03-31,ru,
Energy,02_1997-03-26,02,1997-03-26,ru,
Energy,03_1997-04-09,03,1997-04-09,ru,
Energy,04_1997-05-03,04,1997-05-03,ru,
Energy,05_1997-05-29,05,1997-05-29,ru,
Energy,06_1997-06-17,06,1997-06-17,ru,
Energy,07_1997-07-06,07,1997-07-06,ru,
Energy,08_1997-08-17,08,1997-08-17,ru,
Energy,26_1998-07-31,26,1998-07-31,ru,
Energy,85_1997-09-17,85,1997-09-17,ru,
Energy,97_1998-01-22,97,1998-01-22,ru,
Energy,99_1999-02-03,99,1999-02-03,ru,
Erotic,00_1997-12-14,00,1997-12-14,ru,
Erotic,01_1997-11-30,01,1997-11-30,ru,
Erotic,02_1997-12-04,02,1997-12-04,ru,
Erotic,03_1997-12-13,03,1997-12-13,ru,
Erotic,04_1997-12-15,04,1997-12-15,ru,
Erotic,05_1997-12-15,05,1997-12-15,ru,
Erotic,06_1997-12-16,06,1997-12-16,ru,
Erotic,07_1997-12-16,07,1997-12-16,ru,
Erotic,08_1997-12-22,08,1997-12-22,ru,
Erotic,09_1997-12-22,09,1997-12-22,ru,
Erotic,10_1997-12-28,10,1997-12-28,ru,
Erotic,11_1998-01-02,11,1998-01-02,ru,
Erotic,12_1998-01-03,12,1998-01-03,ru,
Erotic,13_1998-01-16,13,1998-01-16,ru,
Erotic,14_1998-01-22,14,1998-01-22,ru,
Erotic,15_1998-01-25,15,1998-01-25,ru,
Erotic,16_1998-01-25,16,1998-01-25,ru,
Erotic,17_1998-01-25,17,1998-01-25,ru,
Erotic,18_1998-01-25,18,1998-01-25,ru,
Erotic,19_1998-01-26,19,1998-01-26,ru,
Erotic,25_1998-04-28,25,1998-04-28,ru,
Erotic,26_1998-04-28,26,1998-04-28,ru,
Erotic,27_1998-04-28,27,1998-04-28,ru,
Erotic,28_1998-04-30,28,1998-04-30,ru,
Explorer,01_1997-06-10,01,1997-06-10,ru,
Explorer,02_1997-06-10,02,1997-06-10,ru,
Explorer,03_0000-01-01,03,0000-01-01,ru,
Explorer,04_0000-01-01,04,0000-01-01,ru,
Fanat,01_1999-08-05,01,1999-08-05,ru,
Fanat,02_2000-03-12,02,2000-03-12,ru,
Fanat_Newspaper,01_1999-07-10,01,1999-07-10,ru,
Fanat_Newspaper,02_1999-08-02,02,1999-08-02,ru,
Fanat_Newspaper,03_1999-12-27,03,1999-12-27,ru,
Fantadrom,01_2002-01-01,01,2002-01-01,ru,
Fantadrom,02_2002-01-01,02,2002-01-01,ru,
Fantadrom,03_0000-01-01,03,0000-01-01,ru,
Fantadrom,04_2003-01-01,04,2003-01-01,ru,
Fantik,01_0000-01-01,01,0000-01-01,ru,
Fantik,02_0000-01-01,02,0000-01-01,ru,
Fantik,03_0000-01-01,03,0000-01-01,ru,
Fantik,04_0000-01-01,04,0000-01-01,ru,
Fantik,05_0000-01-01,05,0000-01-01,ru,
Fantik,06_0000-01-01,06,0000-01-01,ru,
Fantik,07_0000-01-01,07,0000-01-01,ru,
Fantom,01_1999-10-06,01,1999-10-06,ru,
Fantom,03_2000-01-05,03,2000-01-05,ru,
Faultless,01_1996-02-11,01,1996-02-11,ru,
Faultless,02_1996-04-08,02,1996-04-08,ru,
Faultless,03_1995-12-31,03,1995-12-31,ru,
Faultless,04_1996-10-09,04,1996-10-09,ru,
Faultless,05_1997-02-02,05,1997-02-02,ru,
Faultless,06_1996-12-31,06,1996-12-31,ru,
Faultless,08_1997-11-29,08,1997-11-29,ru,
Faultless,09_1998-05-24,09,1998-05-24,ru,
Fisherman_Press,01_1997-12-06,01,1997-12-06,ru,
Flash_Info,01_1997-05-24,01,1997-05-24,ru,
Flash_Info,02_1997-05-31,02,1997-05-31,ru,
Flash_Info,03_1997-06-07,03,1997-06-07,ru,
Flash_Info,04_1997-08-14,04,1997-08-14,ru,
Flash_Info,05_1997-06-01,05,1997-06-01,ru,
Flash_Info,06_1997-06-29,06,1997-06-29,ru,
Flash_Info,07_1997-07-05,07,1997-07-05,ru,
Flash_Info,08_1997-07-12,08,1997-07-12,ru,
Flash_Info,09_1997-07-19,09,1997-07-19,ru,
Flash_Info,10_1997-07-26,10,1997-07-26,ru,
Flash_Info,11_1997-08-02,11,1997-08-02,ru,
Flash_Info,12_1997-09-27,12,1997-09-27,ru,
Flash_Info,14_1998-01-09,14,1998-01-09,ru,
Flash_Info,15_1998-05-24,15,1998-05-24,ru,
Flash_Info,16_1998-06-10,16,1998-06-10,ru,
Flash_Info,17_1998-08-12,17,1998-08-12,ru,
Flash_Info,18_1998-12-31,18,1998-12-31,ru,
Flash_Info,19_1999-11-27,19,1999-11-27,ru,
Flash_Info,20_2001-07-20,20,2001-07-20,ru,
Flash_Time,01_1997-07-10,01,1997-07-10,ru,
Foolishness,01_1997-07-25,01,1997-07-25,ru,
Forever_Young,01_1998-07-21,01,1998-07-21,ru,
Fuck,01_0000-01-01,01,0000-01-01,ru,
Fuck,03_1996-06-02,03,1996-06-02,ru,
Fuck,08_1996-06-02,08,1996-06-02,ru,
Fuck,09_1996-10-21,09,1996-10-21,ru,
Full_Pull,01_2003-03-26,01,2003-03-26,ru,
Full_Pull,02_2003-04-17,02,2003-04-17,ru,
Full_Pull,03_2003-05-08,03,2003-05-08,ru,
Full_Pull,04_2003-05-29,04,2003-05-29,ru,
Full_Pull,05_2003-06-19,05,2003-06-19,ru,
Full_Pull,06_2003-07-10,06,2003-07-10,ru,
Full_Pull,07_2003-07-31,07,2003-07-31,ru,
Full_Pull,08_2003-08-21,08,2003-08-21,ru,
Full_Pull,09_2003-09-11,09,2003-09-11,ru,
Full_Pull,10_2003-10-02,10,2003-10-02,ru,
Funeral,01_1999-02-12,01,1999-02-12,ru,
Funeral,1.5_1999-10-31,1.5,1999-10-31,ru,
Funny_Box,01_1997-05-16,01,1997-05-16,ru,
Funny_Box,02_1997-05-25,02,1997-05-25,ru,
Funny_Box,03_1997-08-01,03,1997-08-01,ru,
Funny_Box,04_1997-08-01,04,1997-08-01,ru,
Funny_Box,05_0000-01-01,05,0000-01-01,ru,
GMS_News,01_0000-01-01,01,0000-01-01,ru,
GMS_News,02_0000-01-01,02,0000-01-01,ru,
GMS_News,03_0000-01-01,03,0000-01-01,ru,
Generation_Z,01_2002-04-01,01,2002-04-01,ru,
Generation_Z,02_2002-09-14,02,2002-09-14,ru,
Generation_Z,03_2002-11-06,03,2002-11-06,ru,
Generation_Z,04_2003-04-21,04,2003-04-21,ru,
Generation_Z,05_2008-01-01,05,2008-01-01,ru,
Generation_Z,3.5_2002-12-16,3.5,2002-12-16,ru,
Generation_Z,3.75_2003-01-02,3.75,2003-01-02,ru,
Generation_Z,"5,5_2009-01-20","5,5",2009-01-20,ru,
Gluk,00_1998-03-09,00,1998-03-09,ru,
Gomel_ZX-Net_News,00_1998-12-04,00,1998-12-04,ru,
Gorodok,01_1997-12-01,01,1997-12-01,ru,
Gorodok,02_1998-01-01,02,1998-01-01,ru,
Gorodok,03_1998-02-01,03,1998-02-01,ru,
Gorodok,04_1998-03-01,04,1998-03-01,ru,
Gorodok,05_1998-04-01,05,1998-04-01,ru,
Gorodok,06_1998-07-01,06,1998-07-01,ru,
Gorodok,07_1998-08-01,07,1998-08-01,ru,
Gorodok,08_1999-03-02,08,1999-03-02,ru,
Gorodok,09_1999-02-10,09,1999-02-10,ru,
Gorodok,10_1999-02-10,10,1999-02-10,ru,
Gorodok,11_0000-01-01,11,0000-01-01,ru,
Gorodok,12_0000-01-01,12,0000-01-01,ru,
Gorodok,13_0000-01-01,13,0000-01-01,ru,
Gorodok,14_1999-06-21,14,1999-06-21,ru,
Gorodok,15_0000-01-01,15,0000-01-01,ru,
Gothiq,01_2003-01-14,01,2003-01-14,ru,
Heresy,01_1999-05-16,01,1999-05-16,ru,
Heresy,02_1999-08-13,02,1999-08-13,ru,
Heresy,03_1999-12-26,03,1999-12-26,ru,
Heresy,04_1999-12-26,04,1999-12-26,ru,
Heresy,05_1999-01-01,05,1999-01-01,ru,
Heresy,06_0000-01-01,06,0000-01-01,ru,
Heresy,07_0000-01-01,07,0000-01-01,ru,
Heresy,08_0000-01-01,08,0000-01-01,ru,
Heresy,09_0000-01-01,09,0000-01-01,ru,
Heresy,10_0000-01-01,10,0000-01-01,ru,
Heresy,Satanic_0000-01-01,Satanic,0000-01-01,ru,
Hobby,01_1999-01-31,01,1999-01-31,ru,
Horror,01_1999-07-09,01,1999-07-09,ru,
Horror,02_1999-07-21,02,1999-07-21,ru,
Horror,03_1999-09-27,03,1999-09-27,ru,
Horror,04_1999-11-13,04,1999-11-13,ru,
Horror,05_1999-11-19,05,1999-11-19,ru,
Horror,06_2000-03-27,06,2000-03-27,ru,
Humor_in_Exchange,00_2001-06-01,00,2001-06-01,ru,
Humor_in_Exchange,07_2001-06-01,07,2001-06-01,ru,
Inferno,01_2000-12-31,01,2000-12-31,ru,
Inferno,02_2001-05-01,02,2001-05-01,ru,
Inferno,03_2002-11-22,03,2002-11-22,ru,
Inferno,04_2003-06-22,04,2003-06-22,ru,
Info_Guide,05_2004-04-30,05,2004-04-30,ru,
Info_Guide,06_2004-12-03,06,2004-12-03,ru,
Info_Guide,07_2005-05-31,07,2005-05-31,ru,
Info_Guide,08_2005-11-30,08,2005-11-30,ru,
Info_Guide,09_2006-07-31,09,2006-07-31,ru,
Info_Guide,10_2007-04-30,10,2007-04-30,ru,
Info_Guide,11_2015-07-05,11,2015-07-05,ru,
Info_Guide,12_2017-12-31,12,2017-12-31,ru,
Info_Guide,13_2021-04-01,13,2021-04-01,ru,
Innovision,00_0000-01-01,00,0000-01-01,ru,
Insanity,01_1999-07-20,01,1999-07-20,ru,
Insanity,02_1999-09-08,02,1999-09-08,ru,
Insanity,03_1999-12-18,03,1999-12-18,ru,
Insanity,04_1999-12-18,04,1999-12-18,ru,
Insanity,05_2000-02-28,05,2000-02-28,ru,
Insanity,06_2000-05-26,06,2000-05-26,ru,
Insanity,07_2000-08-17,07,2000-08-17,ru,
Insanity,08_2001-01-19,08,2001-01-19,ru,
Insanity,09_2001-06-16,09,2001-06-16,ru,
Insanity,10_2001-11-30,10,2001-11-30,ru,
IzhNews,01_1999-12-12,01,1999-12-12,ru,
IzhNews,02_2000-01-03,02,2000-01-03,ru,
IzhNews,03_2000-01-15,03,2000-01-15,ru,
IzhNews,04_1999-10-17,04,1999-10-17,ru,
IzhNews,05_2000-05-09,05,2000-05-09,ru,
IzhNews,06_2000-08-29,06,2000-08-29,ru,
IzhNews,07_2000-07-27,07,2000-07-27,ru,
IzhNews,08_1999-12-31,08,1999-12-31,ru,
IzhNews,09_2000-09-05,09,2000-09-05,ru,
IzhNews,0A_2000-10-09,0A,2000-10-09,ru,
IzhNews,0B_2000-11-25,0B,2000-11-25,ru,
IzhNews,0C_2001-07-31,0C,2001-07-31,ru,
IzhNews,0D_2003-02-28,0D,2003-02-28,ru,
IzhNews,0E_2003-04-18,0E,2003-04-18,ru,
IzhNews,2002_2002-01-04,2002,2002-01-04,ru,
KiiA_Info,01_1992-03-11,01,1992-03-11,ru,
KiiA_Info,02_1992-03-18,02,1992-03-18,ru,
KiiA_Info,03_1992-03-25,03,1992-03-25,ru,
KiiA_Info,04_1992-04-16,04,1992-04-16,ru,
KiiA_Info,05_1992-04-12,05,1992-04-12,ru,
KiiA_Info,06_1992-06-25,06,1992-06-25,ru,
Kosme,00_2001-04-30,00,2001-04-30,ru,
KrNews,00_1998-01-09,00,1998-01-09,ru,
KrNews,01_1998-03-04,01,1998-03-04,ru,
KrNews,02_1998-04-26,02,1998-04-26,ru,
KrNews,03_1998-05-24,03,1998-05-24,ru,
KrNews,04_1998-06-18,04,1998-06-18,ru,
KrNews,05_1998-07-24,05,1998-07-24,ru,
KrNews,06_1998-11-15,06,1998-11-15,ru,
KrNews,07_1999-01-15,07,1999-01-15,ru,
KrNews,08_1999-03-05,08,1999-03-05,ru,
KrNews,09_1999-05-18,09,1999-05-18,ru,
KrNews,10_1999-08-20,10,1999-08-20,ru,
KrNews,11_1999-12-31,11,1999-12-31,ru,
KrNews,12_2000-04-01,12,2000-04-01,ru,
KrNews,13_2001-01-31,13,2001-01-31,ru,
KrNews,14_2000-09-22,14,2000-09-22,ru,
KrNews,15_2001-11-02,15,2001-11-02,ru,
KrNews,16_2003-07-29,16,2003-07-29,ru,
Last_128,01_2002-01-01,01,2002-01-01,ru,
Last_128,02_2002-01-01,02,2002-01-01,ru,
Last_128,03_2002-01-01,03,2002-01-01,ru,
Last_128,04_2002-01-01,04,2002-01-01,ru,
Last_128,05_2002-01-01,05,2002-01-01,ru,
Last_128,06_2002-01-01,06,2002-01-01,ru,
Last_128,08_2002-01-01,08,2002-01-01,ru,
Last_128,09_2002-01-01,09,2002-01-01,ru,
Last_128,3.5_2002-01-01,3.5,2002-01-01,ru,
Last_128,8.025_2002-01-01,8.025,2002-01-01,ru,
Last_128,M!R 01_2002-01-01,M!R 01,2002-01-01,ru,
Life,01_2004-01-10,01,2004-01-10,ru,
Life,02_2004-02-02,02,2004-02-02,ru,
Life,03_2004-03-01,03,2004-03-01,ru,
Life,04_2004-03-26,04,2004-03-26,ru,
Life,05_2004-04-20,05,2004-04-20,ru,
Life,06_2004-05-15,06,2004-05-15,ru,
Lime_Tree,01_1995-11-21,01,1995-11-21,ru,
Lime_Tree,02_1995-11-25,02,1995-11-25,ru,
Lime_Tree,03_1995-11-28,03,1995-11-28,ru,
Lime_Tree,04_1995-12-13,04,1995-12-13,ru,
Lime_Tree,05_1995-12-13,05,1995-12-13,ru,
Lime_Tree,06_1995-12-20,06,1995-12-20,ru,
Lime_Tree,07_1995-12-30,07,1995-12-30,ru,
Lime_Tree,08_1996-01-05,08,1996-01-05,ru,
Lime_Tree,09_1996-01-11,09,1996-01-11,ru,
Lime_Tree,10_1996-01-19,10,1996-01-19,ru,
Lime_Tree,11_1996-01-28,11,1996-01-28,ru,
Lime_Tree,12_1996-02-02,12,1996-02-02,ru,
Lime_Tree,13_1996-02-07,13,1996-02-07,ru,
Lime_Tree,14_1996-02-19,14,1996-02-19,ru,
Lime_Tree,15_1996-02-28,15,1996-02-28,ru,
Lime_Tree,16_1996-03-06,16,1996-03-06,ru,
Lime_Tree,17_1996-03-13,17,1996-03-13,ru,
Lime_Tree,18_1996-03-25,18,1996-03-25,ru,
Lime_Tree,19_1996-04-04,19,1996-04-04,ru,
Lime_Tree,20_1996-04-09,20,1996-04-09,ru,
Lime_Tree,21_1996-04-24,21,1996-04-24,ru,
Lime_Tree,22_1996-05-07,22,1996-05-07,ru,
Lime_Tree,23_1996-05-24,23,1996-05-24,ru,
Lime_Tree,24_1996-06-22,24,1996-06-22,ru,
Lime_Tree,25_1996-07-02,25,1996-07-02,ru,
Lime_Tree,26_1996-07-02,26,1996-07-02,ru,
Lime_Tree,27_1996-07-17,27,1996-07-17,ru,
Listok,04_1999-12-31,04,1999-12-31,ru,
Listok,05_1999-12-22,05,1999-12-22,ru,
Listok,06_1999-08-22,06,1999-08-22,ru,
Listok,08_1999-08-22,08,1999-08-22,ru,
LntNews,01_0000-01-01,01,0000-01-01,ru,
Lprint,01_1997-04-30,01,1997-04-30,ru,
Lprint,02_1997-05-13,02,1997-05-13,ru,
Lprint,03_1997-05-19,03,1997-05-19,ru,
Lprint,04_1997-05-30,04,1997-05-30,ru,
Lprint,05_1997-06-06,05,1997-06-06,ru,
Lprint,06_1997-06-13,06,1997-06-13,ru,
Lprint,07_1997-06-20,07,1997-06-20,ru,
Lprint,08_1997-06-28,08,1997-06-28,ru,
Lprint,09_1997-07-05,09,1997-07-05,ru,
Lprint,10_1997-07-10,10,1997-07-10,ru,
Lprint,11_1997-07-18,11,1997-07-18,ru,
Lprint,12_1997-07-25,12,1997-07-25,ru,
Lprint,13_1997-08-01,13,1997-08-01,ru,
Lprint,14_1997-08-09,14,1997-08-09,ru,
Lprint,15_1997-08-23,15,1997-08-23,ru,
Lprint,16_1997-08-30,16,1997-08-30,ru,
Lprint,17_1997-09-06,17,1997-09-06,ru,
Lprint,18_1997-09-14,18,1997-09-14,ru,
Lprint,19_1997-09-21,19,1997-09-21,ru,
Lprint,20_1997-10-06,20,1997-10-06,ru,
Lprint,21_1997-10-10,21,1997-10-10,ru,
Lprint,22_1997-10-17,22,1997-10-17,ru,
Lprint,23_1997-10-24,23,1997-10-24,ru,
MSD,01_1999-05-08,01,1999-05-08,ru,
MSD,02_1999-05-15,02,1999-05-15,ru,
MSD,03_1999-06-12,03,1999-06-12,ru,
MSD,04_1999-06-26,04,1999-06-26,ru,
MSD,05_1999-07-31,05,1999-07-31,ru,
MSD,06_1999-08-21,06,1999-08-21,ru,
MSD,07_1999-09-11,07,1999-09-11,ru,
MSD,08_1999-11-13,08,1999-11-13,ru,
MSD,09_1999-12-18,09,1999-12-18,ru,
MSD,10_2000-01-22,10,2000-01-22,ru,
MSD,11_2000-03-11,11,2000-03-11,ru,
MSD,12_2000-06-08,12,2000-06-08,ru,
MSD,2.5_1999-05-29,2.5,1999-05-29,ru,
MSD,5.5_1999-07-31,5.5,1999-07-31,ru,
MSF,19_2000-11-10,19,2000-11-10,ru,
MSF,20_2000-12-29,20,2000-12-29,ru,
MSF,21_2001-03-30,21,2001-03-30,ru,
MSF,22_2001-08-29,22,2001-08-29,ru,
MSF,23_2001-12-21,23,2001-12-21,ru,
MSF,24_2001-12-21,24,2001-12-21,ru,
MSF,25_0000-01-01,25,0000-01-01,ru,
MSF,26_0000-01-01,26,0000-01-01,ru,
MSF,27_0000-01-01,27,0000-01-01,ru,
MSF,28_0000-01-01,28,0000-01-01,ru,
MSF,29_0000-01-01,29,0000-01-01,ru,
Marazm,01_0000-01-01,01,0000-01-01,ru,
Marazm,02_0000-01-01,02,0000-01-01,ru,
Marazm,03_0000-01-01,03,0000-01-01,ru,
Marazm,04_0000-01-01,04,0000-01-01,ru,
Marazm,05_0000-01-01,05,0000-01-01,ru,
Marazm,06_0000-01-01,06,0000-01-01,ru,
Marazm,07_0000-01-01,07,0000-01-01,ru,
Marazm,08_0000-01-01,08,0000-01-01,ru,
Marazm,09_0000-01-01,09,0000-01-01,ru,
Marazm,10_0000-01-01,10,0000-01-01,ru,
Marazm,11_1998-01-01,11,1998-01-01,ru,
Marazm,12_1998-01-01,12,1998-01-01,ru,
Marazm,13_1998-01-01,13,1998-01-01,ru,
Marazm,14_1998-01-01,14,1998-01-01,ru,
Marazm,15_1998-01-01,15,1998-01-01,ru,
Marazm,16_1999-01-01,16,1999-01-01,ru,
Marazm,17_1999-01-01,17,1999-01-01,ru,
Marazm,18_1999-01-01,18,1999-01-01,ru,
Marazm,19_0000-01-01,19,0000-01-01,ru,
Marazm,20_0000-01-01,20,0000-01-01,ru,
Marazm,21_2000-01-01,21,2000-01-01,ru,
Marazm,22_2000-01-01,22,2000-01-01,ru,
Marazm,23_2000-01-01,23,2000-01-01,ru,
Marazm,24_2000-11-28,24,2000-11-28,ru,
Marazm,25_2001-01-01,25,2001-01-01,ru,
Mask,00_1997-08-11,00,1997-08-11,ru,
Mask,00_1997-08-12,00,1997-08-12,ru,
Matrix,01_2003-12-01,01,2003-12-01,ru,
Max_Pictures_Sexual_News,01_1997-09-09,01,1997-09-09,ru,
Max_Pictures_Sexual_News,02_1997-09-09,02,1997-09-09,ru,
Maximum,00_1996-06-07,00,1996-06-07,ru,
Maximum,01_1996-06-08,01,1996-06-08,ru,
Maximum,02_1996-06-15,02,1996-06-15,ru,
Maximum,03_1996-06-20,03,1996-06-20,ru,
Maximum,04_1996-06-27,04,1996-06-27,ru,
Maximum,05_1996-07-04,05,1996-07-04,ru,
Maximum,06_1996-07-11,06,1996-07-11,ru,
Maximum,07_1996-07-18,07,1996-07-18,ru,
Maximum,08_1996-07-25,08,1996-07-25,ru,
Maximum,09_1996-08-01,09,1996-08-01,ru,
Maximum,10_1996-08-10,10,1996-08-10,ru,
Maximum,11_1996-08-18,11,1996-08-18,ru,
Maximum,12_1996-09-25,12,1996-09-25,ru,
Maximum,13_1996-09-25,13,1996-09-25,ru,
Maximum,14_1996-09-02,14,1996-09-02,ru,
Maximum,15_1996-09-08,15,1996-09-08,ru,
Maximum,16_1996-09-16,16,1996-09-16,ru,
Maximum,17_1996-09-22,17,1996-09-22,ru,
Maximum,18_1996-09-30,18,1996-09-30,ru,
Maximum,19_1996-10-07,19,1996-10-07,ru,
Maximum,20_1996-10-13,20,1996-10-13,ru,
Maximum,21_1996-10-20,21,1996-10-20,ru,
Maximum,22_1996-10-28,22,1996-10-28,ru,
Maximum,23_1996-11-03,23,1996-11-03,ru,
Maximum,24_1996-11-10,24,1996-11-10,ru,
Maximum,25_1996-11-17,25,1996-11-17,ru,
Maximum,26_1996-11-24,26,1996-11-24,ru,
Maximum,27_1996-12-01,27,1996-12-01,ru,
Maximum,28_1997-02-04,28,1997-02-04,ru,
Maximum,29_1997-02-10,29,1997-02-10,ru,
Maximum,30_1997-02-17,30,1997-02-17,ru,
Maximum,31_1997-02-25,31,1997-02-25,ru,
Maximum,32_1997-03-06,32,1997-03-06,ru,
Maximum,33_1997-03-20,33,1997-03-20,ru,
Maximum,34_1997-03-24,34,1997-03-24,ru,
Maximum,35_1997-03-31,35,1997-03-31,ru,
Maximum,36_1997-04-17,36,1997-04-17,ru,
Maximum,37_1997-04-22,37,1997-04-22,ru,
Maximum,38_1997-04-29,38,1997-04-29,ru,
Maximum,39_1997-05-05,39,1997-05-05,ru,
Maximum,40_1997-05-12,40,1997-05-12,ru,
Maximum,41_1997-05-22,41,1997-05-22,ru,
Maximum,42_1997-06-03,42,1997-06-03,ru,
Maximum,43_1997-06-10,43,1997-06-10,ru,
Maximum,44_1997-09-04,44,1997-09-04,ru,
Maximum,45_1997-10-24,45,1997-10-24,ru,
Maximum,46_1997-10-31,46,1997-10-31,ru,
Maximum,47_1998-07-25,47,1998-07-25,ru,
Melancholy,01_2000-10-11,01,2000-10-11,ru,
Micro,01_1998-03-31,01,1998-03-31,ru,
Micro,02_1998-04-19,02,1998-04-19,ru,
Micro,03_1998-04-24,03,1998-04-24,ru,
Micro,04_1998-04-30,04,1998-04-30,ru,
Micro,05_1998-07-18,05,1998-07-18,ru,
Micro,06_1998-07-31,06,1998-07-31,ru,
Micro,07_1998-08-04,07,1998-08-04,ru,
Micro,08_1998-09-05,08,1998-09-05,ru,
Micro,09_1998-10-04,09,1998-10-04,ru,
Micro,10_1998-11-28,10,1998-11-28,ru,
Micro,11_1998-12-21,11,1998-12-21,ru,
Micro,12_1999-01-12,12,1999-01-12,ru,
Micro,13_1999-01-23,13,1999-01-23,ru,
Micro,14_1999-02-13,14,1999-02-13,ru,
Micro,15_1999-03-08,15,1999-03-08,ru,
Micro,16_1999-04-22,16,1999-04-22,ru,
Micro,17_1999-04-24,17,1999-04-24,ru,
Micro,18_1999-05-07,18,1999-05-07,ru,
Micro,19_1999-05-28,19,1999-05-28,ru,
Micro,20_1999-06-13,20,1999-06-13,ru,
Micro,21_1999-07-08,21,1999-07-08,ru,
Micro,22_1999-08-09,22,1999-08-09,ru,
Micro,23_1999-12-17,23,1999-12-17,ru,
Micro,24_2000-01-04,24,2000-01-04,ru,
Micro,25_2000-01-21,25,2000-01-21,ru,
Micro,26_2000-01-31,26,2000-01-31,ru,
Micro,27_2000-02-24,27,2000-02-24,ru,
Millenium,01_2001-09-30,01,2001-09-30,ru,
Miracle,01_1997-04-27,01,1997-04-27,ru,
Miracle,02_1997-08-10,02,1997-08-10,ru,
Miracle,03_1999-07-16,03,1999-07-16,ru,
Mirage,00_0000-01-01,00,0000-01-01,ru,
Mirage,01_1997-12-09,01,1997-12-09,ru,
Mirikom,01_1994-06-30,01,1994-06-30,ru,
Mirikom,02_1994-07-31,02,1994-07-31,ru,
Move,01_1997-01-09,01,1997-01-09,ru,
Move,02_1997-02-03,02,1997-02-03,ru,
Move,03_1997-03-15,03,1997-03-15,ru,
Move,04_1997-04-17,04,1997-04-17,ru,
Move,05_1997-05-18,05,1997-05-18,ru,
Move,06_1997-05-31,06,1997-05-31,ru,
Move,07_1997-06-07,07,1997-06-07,ru,
Move,08_1997-07-18,08,1997-07-18,ru,
Move,09_1997-08-02,09,1997-08-02,ru,
Move,10_1997-09-04,10,1997-09-04,ru,
Muchomor,01_0000-01-01,01,0000-01-01,ru,
Murzilka,03_0000-01-01,03,0000-01-01,ru,
Murzilka,07_0000-01-01,07,0000-01-01,ru,
Murzilka,08_0000-01-01,08,0000-01-01,ru,
Murzilka,09_0000-01-01,09,0000-01-01,ru,
Mustang,01_2004-01-27,01,2004-01-27,ru,
Mustang,02_2004-03-02,02,2004-03-02,ru,
My_Speccy,01_2004-02-02,01,2004-02-02,ru,
Neformal,01_2000-05-08,01,2000-05-08,ru,
Netus_News,01_1998-11-30,01,1998-11-30,ru,
Netus_News,05_1998-12-26,05,1998-12-26,ru,
Netus_News,07_1999-01-03,07,1999-01-03,ru,
Netus_News,09_1999-01-19,09,1999-01-19,ru,
Netus_News,10_1999-02-04,10,1999-02-04,ru,
Netus_News,11_1999-03-28,11,1999-03-28,ru,
Never_Mind,01_2003-03-12,01,2003-03-12,ru,
Never_Mind,02_2008-04-09,02,2008-04-09,ru,
Never_Mind,1.5_2003-04-02,1.5,2003-04-02,ru,
Next,00_1997-09-07,00,1997-09-07,ru,
Next,01_1997-07-07,01,1997-07-07,ru,
Next,02_1997-09-08,02,1997-09-08,ru,
Next,03_1997-09-09,03,1997-09-09,ru,
Next,04_1997-09-10,04,1997-09-10,ru,
Next,05_1997-09-11,05,1997-09-11,ru,
Next,06_1997-09-12,06,1997-09-12,ru,
Next,07_1997-09-13,07,1997-09-13,ru,
Next,08_1997-09-14,08,1997-09-14,ru,
Next,09_1997-09-05,09,1997-09-05,ru,
Next,10_1997-09-16,10,1997-09-16,ru,
Next,11_1997-09-17,11,1997-09-17,ru,
Next,12_1997-09-18,12,1997-09-18,ru,
Next,13_1997-09-19,13,1997-09-19,ru,
Next,14_1997-09-20,14,1997-09-20,ru,
Next,15_1997-09-21,15,1997-09-21,ru,
Next,16_1997-09-22,16,1997-09-22,ru,
Next,17_1997-09-23,17,1997-09-23,ru,
Next,18_1998-02-07,18,1998-02-07,ru,
Nicron,01_1996-09-30,01,1996-09-30,ru,
Nicron,02_1996-10-12,02,1996-10-12,ru,
Nicron,03_1996-10-17,03,1996-10-17,ru,
Nicron,04_1996-10-02,04,1996-10-02,ru,
Nicron,05_1996-10-31,05,1996-10-31,ru,
Nicron,06_1996-11-07,06,1996-11-07,ru,
Nicron,07_1996-11-14,07,1996-11-14,ru,
Nicron,100_1998-09-11,100,1998-09-11,ru,
Nicron,101_1998-09-17,101,1998-09-17,ru,
Nicron,102_1998-09-24,102,1998-09-24,ru,
Nicron,103_1998-10-11,103,1998-10-11,ru,
Nicron,104_1998-11-20,104,1998-11-20,ru,
Nicron,105_1998-12-13,105,1998-12-13,ru,
Nicron,106_1999-01-13,106,1999-01-13,ru,
Nicron,107_1999-03-14,107,1999-03-14,ru,
Nicron,108_1999-03-31,108,1999-03-31,ru,
Nicron,109_1999-06-30,109,1999-06-30,ru,
Nicron,10_1996-12-05,10,1996-12-05,ru,
Nicron,110_1999-09-15,110,1999-09-15,ru,
Nicron,111_1999-08-28,111,1999-08-28,ru,
Nicron,112_1999-09-15,112,1999-09-15,ru,
Nicron,113_1999-10-03,113,1999-10-03,ru,
Nicron,114_1999-11-06,114,1999-11-06,ru,
Nicron,115_1999-12-04,115,1999-12-04,ru,
Nicron,116_2000-01-29,116,2000-01-29,ru,
Nicron,117_2000-05-21,117,2000-05-21,ru,
Nicron,118_2000-09-03,118,2000-09-03,ru,
Nicron,119_2000-11-17,119,2000-11-17,ru,
Nicron,11_1996-12-12,11,1996-12-12,ru,
Nicron,120_2000-12-31,120,2000-12-31,ru,
Nicron,121_2001-10-21,121,2001-10-21,ru,
Nicron,122_2001-11-18,122,2001-11-18,ru,
Nicron,123_2002-04-11,123,2002-04-11,ru,
Nicron,124_2002-06-23,124,2002-06-23,ru,
Nicron,125_2002-12-19,125,2002-12-19,ru,
Nicron,126_2003-12-20,126,2003-12-20,ru,
Nicron,127_2004-08-31,127,2004-08-31,ru,
Nicron,128_2005-01-06,128,2005-01-06,ru,
Nicron,129_2006-01-18,129,2006-01-18,ru,
Nicron,12_1996-12-20,12,1996-12-20,ru,
Nicron,130_2006-01-19,130,2006-01-19,ru,
Nicron,13_1996-12-31,13,1996-12-31,ru,
Nicron,14_1997-01-03,14,1997-01-03,ru,
Nicron,15_1997-01-10,15,1997-01-10,ru,
Nicron,16_1997-01-17,16,1997-01-17,ru,
Nicron,17_1997-01-23,17,1997-01-23,ru,
Nicron,18_1997-01-31,18,1997-01-31,ru,
Nicron,19_1997-02-06,19,1997-02-06,ru,
Nicron,20_1997-02-14,20,1997-02-14,ru,
Nicron,21_1997-02-21,21,1997-02-21,ru,
Nicron,22_1997-02-27,22,1997-02-27,ru,
Nicron,23_1997-03-06,23,1997-03-06,ru,
Nicron,24_1997-03-13,24,1997-03-13,ru,
Nicron,25_1997-03-20,25,1997-03-20,ru,
Nicron,26_1997-03-27,26,1997-03-27,ru,
Nicron,27_1997-03-31,27,1997-03-31,ru,
Nicron,28_1997-04-03,28,1997-04-03,ru,
Nicron,29_1997-04-11,29,1997-04-11,ru,
Nicron,30_1997-04-17,30,1997-04-17,ru,
Nicron,31_1997-04-24,31,1997-04-24,ru,
Nicron,32_1997-05-01,32,1997-05-01,ru,
Nicron,33_1997-05-07,33,1997-05-07,ru,
Nicron,34_1997-05-15,34,1997-05-15,ru,
Nicron,35_1997-05-22,35,1997-05-22,ru,
Nicron,36_1997-05-29,36,1997-05-29,ru,
Nicron,37_1997-06-05,37,1997-06-05,ru,
Nicron,38_1997-06-13,38,1997-06-13,ru,
Nicron,39_1997-06-19,39,1997-06-19,ru,
Nicron,40_1997-06-26,40,1997-06-26,ru,
Nicron,41_1997-07-03,41,1997-07-03,ru,
Nicron,42_1997-07-10,42,1997-07-10,ru,
Nicron,43_1997-07-17,43,1997-07-17,ru,
Nicron,44_1997-07-24,44,1997-07-24,ru,
Nicron,45_1997-07-31,45,1997-07-31,ru,
Nicron,46_1997-08-07,46,1997-08-07,ru,
Nicron,47_1997-08-14,47,1997-08-14,ru,
Nicron,48_1997-08-20,48,1997-08-20,ru,
Nicron,49_1997-08-26,49,1997-08-26,ru,
Nicron,50_1997-08-28,50,1997-08-28,ru,
Nicron,51_1997-09-06,51,1997-09-06,ru,
Nicron,52_1997-09-04,52,1997-09-04,ru,
Nicron,53_1997-09-11,53,1997-09-11,ru,
Nicron,54_1997-09-18,54,1997-09-18,ru,
Nicron,55_1997-09-25,55,1997-09-25,ru,
Nicron,56_1997-10-02,56,1997-10-02,ru,
Nicron,57_1997-10-09,57,1997-10-09,ru,
Nicron,58_1997-10-17,58,1997-10-17,ru,
Nicron,59_1997-10-23,59,1997-10-23,ru,
Nicron,60_1997-10-30,60,1997-10-30,ru,
Nicron,61_1997-11-06,61,1997-11-06,ru,
Nicron,62_1997-11-13,62,1997-11-13,ru,
Nicron,63_1997-11-20,63,1997-11-20,ru,
Nicron,64_1997-11-27,64,1997-11-27,ru,
Nicron,65_1997-12-04,65,1997-12-04,ru,
Nicron,66_1997-12-11,66,1997-12-11,ru,
Nicron,67_1997-12-18,67,1997-12-18,ru,
Nicron,68_1997-12-25,68,1997-12-25,ru,
Nicron,69_1997-12-30,69,1997-12-30,ru,
Nicron,70_1998-01-08,70,1998-01-08,ru,
Nicron,71_1998-01-15,71,1998-01-15,ru,
Nicron,72_1998-01-26,72,1998-01-26,ru,
Nicron,73_1998-01-29,73,1998-01-29,ru,
Nicron,74_1998-02-05,74,1998-02-05,ru,
Nicron,75_1998-02-12,75,1998-02-12,ru,
Nicron,76_1998-02-19,76,1998-02-19,ru,
Nicron,77_1998-02-26,77,1998-02-26,ru,
Nicron,78_1998-03-05,78,1998-03-05,ru,
Nicron,79_1998-03-12,79,1998-03-12,ru,
Nicron,80_1998-03-19,80,1998-03-19,ru,
Nicron,81_1998-03-26,81,1998-03-26,ru,
Nicron,82_1998-03-31,82,1998-03-31,ru,
Nicron,83_1998-04-02,83,1998-04-02,ru,
Nicron,84_1998-04-09,84,1998-04-09,ru,
Nicron,85_1998-04-16,85,1998-04-16,ru,
Nicron,86_1998-04-23,86,1998-04-23,ru,
Nicron,87_1998-04-30,87,1998-04-30,ru,
Nicron,88_1998-05-07,88,1998-05-07,ru,
Nicron,89_1998-05-14,89,1998-05-14,ru,
Nicron,90_1998-05-21,90,1998-05-21,ru,
Nicron,91_1998-05-28,91,1998-05-28,ru,
Nicron,92_1998-06-04,92,1998-06-04,ru,
Nicron,93_1998-06-11,93,1998-06-11,ru,
Nicron,94_1998-06-18,94,1998-06-18,ru,
Nicron,95_1998-07-02,95,1998-07-02,ru,
Nicron,96_1998-07-09,96,1998-07-09,ru,
Nicron,97_1998-07-16,97,1998-07-16,ru,
Nicron,98_1998-07-23,98,1998-07-23,ru,
Nicron,99_1998-08-15,99,1998-08-15,ru,
Nikfe,0B_1999-05-03,0B,1999-05-03,ru,
Nikfe,0C_1999-05-03,0C,1999-05-03,ru,
Nonsense,01_2002-03-13,01,2002-03-13,ru,
Noosfera,01_2003-11-30,01,2003-11-30,ru,
Numberology,01_1997-12-31,01,1997-12-31,ru,
Odyssey_Magazine,00_1996-12-11,00,1996-12-11,ru,
Odyssey_Magazine,01_1997-03-05,01,1997-03-05,ru,
Odyssey_Magazine,02_1997-07-14,02,1997-07-14,ru,
Odyssey_paper,01_1998-11-29,01,1998-11-29,ru,
Odyssey_paper,02_1998-12-27,02,1998-12-27,ru,
Odyssey_paper,03_1999-01-03,03,1999-01-03,ru,
Odyssey_paper,04_1999-01-11,04,1999-01-11,ru,
Odyssey_paper,05_1999-02-11,05,1999-02-11,ru,
Odyssey_paper,06_1999-02-25,06,1999-02-25,ru,
Odyssey_paper,07_1999-03-17,07,1999-03-17,ru,
Odyssey_paper,08_1999-03-31,08,1999-03-31,ru,
Offline,02_1996-03-04,02,1996-03-04,ru,
Offline,03_1996-03-07,03,1996-03-07,ru,
Offline,04_1996-04-27,04,1996-04-27,ru,
On-Line,01_1995-09-02,01,1995-09-02,ru,
On-Line,02_1995-09-14,02,1995-09-14,ru,
On-Line,03_1995-09-28,03,1995-09-28,ru,
On-Line,04_1995-10-01,04,1995-10-01,ru,
On-Line,05_1995-10-08,05,1995-10-08,ru,
On-Line,06_1995-10-15,06,1995-10-15,ru,
On-Line,07_1995-10-22,07,1995-10-22,ru,
On-Line,08_1995-10-29,08,1995-10-29,ru,
On-Line,09_1995-11-05,09,1995-11-05,ru,
On-Line,10_1995-11-12,10,1995-11-12,ru,
On-Line,11_1995-11-19,11,1995-11-19,ru,
On-Line,12_1995-11-26,12,1995-11-26,ru,
On-Line,13_1995-12-03,13,1995-12-03,ru,
On-Line,14_1995-12-10,14,1995-12-10,ru,
On-Line,15_1995-12-17,15,1995-12-17,ru,
On-Line,16_1995-12-24,16,1995-12-24,ru,
On-Line,17_1995-12-31,17,1995-12-31,ru,
On-Line,18_1996-01-07,18,1996-01-07,ru,
On-Line,19_1996-01-14,19,1996-01-14,ru,
On-Line,20_1996-01-21,20,1996-01-21,ru,
On-Line,21_1996-01-28,21,1996-01-28,ru,
On-Line,22_1996-02-04,22,1996-02-04,ru,
On-Line,23_1996-02-12,23,1996-02-12,ru,
On-Line,24_1996-02-18,24,1996-02-18,ru,
On-Line,25_1996-02-25,25,1996-02-25,ru,
On-Line,26_1996-03-03,26,1996-03-03,ru,
On-Line,27_1996-03-10,27,1996-03-10,ru,
On-Line,28_1996-03-17,28,1996-03-17,ru,
On-Line,29_1996-03-24,29,1996-03-24,ru,
On-Line,30_1996-03-31,30,1996-03-31,ru,
On-Line,31_1996-04-07,31,1996-04-07,ru,
On-Line,32_1996-04-14,32,1996-04-14,ru,
On-Line,33_1996-04-21,33,1996-04-21,ru,
On-Line,34_1996-04-28,34,1996-04-28,ru,
On-Line,35_1996-05-05,35,1996-05-05,ru,
On-Line,36_1996-05-12,36,1996-05-12,ru,
On-Line,37_1996-05-20,37,1996-05-20,ru,
On-Line,38_1996-05-26,38,1996-05-26,ru,
On-Line,39_1996-06-01,39,1996-06-01,ru,
On-Line,40_1996-06-09,40,1996-06-09,ru,
On-Line,41_1996-06-16,41,1996-06-16,ru,
On-Line,42_1996-06-24,42,1996-06-24,ru,
On-Line,43_1996-06-30,43,1996-06-30,ru,
On-Line,44_1996-07-07,44,1996-07-07,ru,
On-Line,45_1996-07-14,45,1996-07-14,ru,
On-Line,46_1996-07-21,46,1996-07-21,ru,
On-Line,47_1996-07-28,47,1996-07-28,ru,
On-Line,48_1996-08-04,48,1996-08-04,ru,
On-Line,49_1996-08-11,49,1996-08-11,ru,
On-Line,50_1996-08-18,50,1996-08-18,ru,
On-Line,51_1996-08-25,51,1996-08-25,ru,
On-Line,52_1996-09-01,52,1996-09-01,ru,
On-Line,53_1996-09-08,53,1996-09-08,ru,
On-Line,54_1996-09-15,54,1996-09-15,ru,
On-Line,55_1996-09-22,55,1996-09-22,ru,
On-Line,56_1996-09-29,56,1996-09-29,ru,
On-Line,57_1996-10-06,57,1996-10-06,ru,
On-Line,58_1996-10-13,58,1996-10-13,ru,
On-Line,59_1996-10-22,59,1996-10-22,ru,
On-Line,60_1996-10-27,60,1996-10-27,ru,
On-Line,61_1996-11-03,61,1996-11-03,ru,
On-Line,62_1996-12-03,62,1996-12-03,ru,
On-Line,63_1996-11-24,63,1996-11-24,ru,
On-Line,64_1996-12-08,64,1996-12-08,ru,
On-Line,65_1996-12-15,65,1996-12-15,ru,
On-Line,66_1996-12-22,66,1996-12-22,ru,
On-Line,67_1996-12-29,67,1996-12-29,ru,
On-Line,68_1997-01-12,68,1997-01-12,ru,
On-Line,69_1997-01-19,69,1997-01-19,ru,
On-Line,70_1997-01-26,70,1997-01-26,ru,
On-Line,71_1997-02-02,71,1997-02-02,ru,
On-Line,72_1997-02-09,72,1997-02-09,ru,
On-Line,73_1997-02-16,73,1997-02-16,ru,
On-Line,74_1997-02-23,74,1997-02-23,ru,
On-Line,75_1997-03-09,75,1997-03-09,ru,
On-Line,76_1997-03-23,76,1997-03-23,ru,
On-Line,77_1997-04-03,77,1997-04-03,ru,
On-Line,78_1997-04-15,78,1997-04-15,ru,
On-Line,79_1997-04-23,79,1997-04-23,ru,
On-Line,80_1996-04-30,80,1996-04-30,ru,
On-Line,81_1997-05-08,81,1997-05-08,ru,
On-Line,82_1997-05-16,82,1997-05-16,ru,
On-Line,83_1997-05-29,83,1997-05-29,ru,
On-Line,84_1997-06-11,84,1997-06-11,ru,
On-Line,85_1997-07-02,85,1997-07-02,ru,
Open_Letters,01_1999-06-20,01,1999-06-20,ru,
Open_Letters,02_2000-02-20,02,2000-02-20,ru,
Open_Letters,03_2000-05-05,03,2000-05-05,ru,
Open_Letters,04_2000-10-21,04,2000-10-21,ru,
Open_Letters,05_2000-11-30,05,2000-11-30,ru,
Open_Letters,06_2001-02-12,06,2001-02-12,ru,
Open_Letters,07_2001-03-11,07,2001-03-11,ru,
Open_Letters,08_2001-09-30,08,2001-09-30,ru,
Open_Letters,09_2002-10-06,09,2002-10-06,ru,
Open_Letters,10_2002-12-28,10,2002-12-28,ru,
Opex,00_2002-03-26,00,2002-03-26,ru,
Opex,01_2002-03-30,01,2002-03-30,ru,
Opex,02_2002-02-02,02,2002-02-02,ru,
Opex,03_2002-04-06,03,2002-04-06,ru,
Opex,04_2002-05-03,04,2002-05-03,ru,
Opex,05_2002-06-10,05,2002-06-10,ru,
Opex,06_2002-06-16,06,2002-06-16,ru,
Opex,07_2002-06-19,07,2002-06-19,ru,
Opex,08_2002-06-23,08,2002-06-23,ru,
Optron,01_1997-10-03,01,1997-10-03,ru,
Optron,02_1997-10-24,02,1997-10-24,ru,
Optron,03_1997-11-07,03,1997-11-07,ru,
Optron,04_1997-11-21,04,1997-11-21,ru,
Optron,05_1998-12-05,05,1998-12-05,ru,
Optron,06_1998-01-09,06,1998-01-09,ru,
Optron,07_1998-02-13,07,1998-02-13,ru,
Optron,08_1998-02-27,08,1998-02-27,ru,
Optron,09_1998-03-13,09,1998-03-13,ru,
Optron,10_1998-04-03,10,1998-04-03,ru,
Optron,11_1998-04-24,11,1998-04-24,ru,
Optron,12_1998-05-22,12,1998-05-22,ru,
Optron,13_1998-06-12,13,1998-06-12,ru,
Optron,14_1998-07-03,14,1998-07-03,ru,
Optron,15_1998-07-24,15,1998-07-24,ru,
Optron,16_1998-08-14,16,1998-08-14,ru,
Optron,17_1998-09-04,17,1998-09-04,ru,
Optron,18_1998-09-18,18,1998-09-18,ru,
Optron,19_1998-10-02,19,1998-10-02,ru,
Optron,20_1998-10-25,20,1998-10-25,ru,
Optron,21_1998-11-27,21,1998-11-27,ru,
Optron,22_1998-12-29,22,1998-12-29,ru,
Optron,23_1999-01-19,23,1999-01-19,ru,
Optron,24_1999-02-22,24,1999-02-22,ru,
Optron,25_1999-04-19,25,1999-04-19,ru,
Optron,26_1999-03-31,26,1999-03-31,ru,
Optron,27_1999-05-08,27,1999-05-08,ru,
Optron,28_1999-06-08,28,1999-06-08,ru,
Optron,29_1999-07-20,29,1999-07-20,ru,
Optron,30_1999-09-03,30,1999-09-03,ru,
Optron,31_1999-09-28,31,1999-09-28,ru,
Optron,32_1999-10-22,32,1999-10-22,ru,
Optron,33_1999-11-20,33,1999-11-20,ru,
Optron,34_1999-12-30,34,1999-12-30,ru,
Optron,35_2000-04-25,35,2000-04-25,ru,
Optron,36_2000-06-16,36,2000-06-16,ru,
Optron,37_2000-08-09,37,2000-08-09,ru,
Optron,38_2000-08-18,38,2000-08-18,ru,
Optron,39_2000-09-13,39,2000-09-13,ru,
Optron,40_2000-10-03,40,2000-10-03,ru,
Optron,41_2000-11-19,41,2000-11-19,ru,
Optron,42_2001-01-12,42,2001-01-12,ru,
Optron,43_2001-04-10,43,2001-04-10,ru,
Orphan,01_2000-06-13,01,2000-06-13,ru,
Ostrov,11_2000-02-15,11,2000-02-15,ru,
Outlet,004_1987-01-07,004,1987-01-07,ru,
Outlet,1-3_1987-01-01,1-3,1987-01-01,ru,
Overlog,01_0000-01-01,01,0000-01-01,ru,
Overlog,02_0000-01-01,02,0000-01-01,ru,
Overlog,03_1999-03-17,03,1999-03-17,ru,
Overlog,04_1999-03-17,04,1999-03-17,ru,
Pioneer,01_1996-03-24,01,1996-03-24,ru,
Pioneer,02_1996-05-27,02,1996-05-27,ru,
Pioneer,03_1995-12-31,03,1995-12-31,ru,
Platinum,01_1996-08-08,01,1996-08-08,ru,
Platinum,02_1996-11-08,02,1996-11-08,ru,
Plutonium,01_0000-01-01,01,0000-01-01,ru,
Plutonium,02_1998-09-14,02,1998-09-14,ru,
Plutonium,03_1998-09-14,03,1998-09-14,ru,
Plutonium,04_0000-01-01,04,0000-01-01,ru,
Plutonium,05_0000-01-01,05,0000-01-01,ru,
Plutonium,06_0000-01-01,06,0000-01-01,ru,
Plutonium,07_0000-01-01,07,0000-01-01,ru,
Plutonium,08_1998-10-09,08,1998-10-09,ru,
Plutonium,09_1998-10-09,09,1998-10-09,ru,
Plutonium,10.5_0000-01-01,10.5,0000-01-01,ru,
Plutonium,10_0000-01-01,10,0000-01-01,ru,
Plutonium,11_0000-01-01,11,0000-01-01,ru,
Plutonium,12_0000-01-01,12,0000-01-01,ru,
Plutonium,13_0000-01-01,13,0000-01-01,ru,
Plutonium,14_1999-11-01,14,1999-11-01,ru,
Plutonium,15_1999-11-01,15,1999-11-01,ru,
Plutonium,16_0000-01-01,16,0000-01-01,ru,
Plutonium,17_0000-01-01,17,0000-01-01,ru,
Plutonium,18_2001-06-30,18,2001-06-30,ru,
Plutonium,19_2001-08-20,19,2001-08-20,ru,
Plutonium,2000_1999-12-30,2000,1999-12-30,ru,
Point,01_0000-01-01,01,0000-01-01,ru,
Polesse,00_1998-12-29,00,1998-12-29,ru,
Polesse,01_1999-01-14,01,1999-01-14,ru,
Polesse,02_1999-02-05,02,1999-02-05,ru,
Polesse,03_1999-03-06,03,1999-03-06,ru,
Polesse,04_1999-04-16,04,1999-04-16,ru,
Polesse,05_1999-03-31,05,1999-03-31,ru,
Polesse,06_1999-05-19,06,1999-05-19,ru,
Polesse,07_1999-05-25,07,1999-05-25,ru,
Polesse,08_1999-06-19,08,1999-06-19,ru,
Polesse,09_1999-07-14,09,1999-07-14,ru,
Polesse,10_1999-09-04,10,1999-09-04,ru,
Polesse,11_1999-09-29,11,1999-09-29,ru,
Polesse,12_1999-10-04,12,1999-10-04,ru,
Polesse,13_1999-10-17,13,1999-10-17,ru,
Polesse,14_1999-12-29,14,1999-12-29,ru,
Polesse,15_1999-12-30,15,1999-12-30,ru,
Polesse,16_2000-02-24,16,2000-02-24,ru,
Polesse,17_2000-05-31,17,2000-05-31,ru,
Polesse,18_2001-02-28,18,2001-02-28,ru,
Polesse,19_2001-03-31,19,2001-03-31,ru,
Polesse,4.5_1999-03-30,4.5,1999-03-30,ru,
Polnoch,01_1998-08-14,01,1998-08-14,ru,
Power,01_1996-09-22,01,1996-09-22,ru,
Power,02_1996-09-29,02,1996-09-29,ru,
Power,03_1996-10-06,03,1996-10-06,ru,
Power,04_1996-10-13,04,1996-10-13,ru,
Power,05_1996-10-27,05,1996-10-27,ru,
Prikoly,02_1996-02-26,02,1996-02-26,ru,
Prikoly,03_1996-02-26,03,1996-02-26,ru,
Prikoly,04_1996-02-25,04,1996-02-25,ru,
Profi_Club,02_1996-09-18,02,1996-09-18,ru,
Promised_Land,01_2000-12-31,01,2000-12-31,ru,
Promised_Land,02_2002-08-25,02,2002-08-25,ru,
Promised_Land,03_2002-12-14,03,2002-12-14,ru,
Promised_Land,04_2003-02-28,04,2003-02-28,ru,
Proton,01_1997-09-27,01,1997-09-27,ru,
Proton,02_1997-10-05,02,1997-10-05,ru,
Proton,03_1997-10-12,03,1997-10-12,ru,
Proton,04_1997-10-20,04,1997-10-20,ru,
Proton,05_1997-10-27,05,1997-10-27,ru,
Proton,06_1997-11-03,06,1997-11-03,ru,
Proton,07_1997-11-10,07,1997-11-10,ru,
Proton,08_1997-11-17,08,1997-11-17,ru,
Proton,09_1997-11-24,09,1997-11-24,ru,
Proton,10_1997-11-24,10,1997-11-24,ru,
Proton,11_1997-12-09,11,1997-12-09,ru,
Proton,12_1997-12-16,12,1997-12-16,ru,
Proton,13_1997-12-23,13,1997-12-23,ru,
Proton,14_1997-12-30,14,1997-12-30,ru,
Proton,15_1998-01-06,15,1998-01-06,ru,
Proton,16_1998-01-14,16,1998-01-14,ru,
Proton,17_1998-01-19,17,1998-01-19,ru,
Proton,18_1998-01-27,18,1998-01-27,ru,
Proton,19_1998-02-03,19,1998-02-03,ru,
Proton,20_1998-02-10,20,1998-02-10,ru,
Proton,21_1998-02-17,21,1998-02-17,ru,
Proton,22_1998-02-23,22,1998-02-23,ru,
Proton,23_1998-03-03,23,1998-03-03,ru,
Proton,24_1998-03-10,24,1998-03-10,ru,
Proton,25_1998-03-16,25,1998-03-16,ru,
Proton,26_1998-03-23,26,1998-03-23,ru,
Proton,27_1998-04-01,27,1998-04-01,ru,
Proton,28_1998-04-07,28,1998-04-07,ru,
Proton,29_1998-04-15,29,1998-04-15,ru,
Proton,30_1998-04-23,30,1998-04-23,ru,
Proton,31_1998-05-01,31,1998-05-01,ru,
Proton,32_1998-05-06,32,1998-05-06,ru,
Proton,33_1998-05-13,33,1998-05-13,ru,
Proton,34_1998-05-20,34,1998-05-20,ru,
Proton,35_1998-05-27,35,1998-05-27,ru,
Proton,36_1998-05-04,36,1998-05-04,ru,
Proton,37_1998-06-11,37,1998-06-11,ru,
Proton,38_1998-06-18,38,1998-06-18,ru,
Proton,39_1998-06-24,39,1998-06-24,ru,
Proton,40_1998-07-02,40,1998-07-02,ru,
Proton,41_1998-07-09,41,1998-07-09,ru,
Proton,42_1998-07-17,42,1998-07-17,ru,
Proton,43_1998-07-24,43,1998-07-24,ru,
Proton,44_1998-07-31,44,1998-07-31,ru,
Proton,45_1998-08-07,45,1998-08-07,ru,
Proton,46_1998-08-14,46,1998-08-14,ru,
Proton,47_1998-09-08,47,1998-09-08,ru,
Proton,48_1998-10-01,48,1998-10-01,ru,
Psychoz,01_1999-08-11,01,1999-08-11,ru,
Psychoz,02_1999-09-06,02,1999-09-06,ru,
Psychoz,03_1999-09-26,03,1999-09-26,ru,
Psychoz,04_1999-09-26,04,1999-09-26,ru,
Psychoz,05_0000-01-01,05,0000-01-01,ru,
Psychoz,06_0000-01-01,06,0000-01-01,ru,
Psychoz,07_0000-01-01,07,0000-01-01,ru,
Psychoz,08_0000-01-01,08,0000-01-01,ru,
Psychoz,09_0000-01-01,09,0000-01-01,ru,
Psychoz,10_0000-01-01,10,0000-01-01,ru,
Psychoz,11_0000-01-01,11,0000-01-01,ru,
Psychoz,12_0000-01-01,12,0000-01-01,ru,
Psychoz,13_2002-11-26,13,2002-11-26,ru,
Psychoz,14_2002-12-31,14,2002-12-31,ru,
Psychoz,15_2002-12-31,15,2002-12-31,ru,
Psychoz,16_0000-01-01,16,0000-01-01,ru,
Psychoz,17_0000-01-01,17,0000-01-01,ru,
Psychoz,18_0000-01-01,18,0000-01-01,ru,
Public_Spirit,01_1997-05-17,01,1997-05-17,ru,
Punk,02_0000-01-01,02,0000-01-01,ru,
RIP,01_1997-11-23,01,1997-11-23,ru,
RIP,02_1997-11-29,02,1997-11-29,ru,
RIP,03_1997-12-06,03,1997-12-06,ru,
RIP,04_1997-12-13,04,1997-12-13,ru,
RIP,05_1997-12-20,05,1997-12-20,ru,
RIP,06_1998-01-10,06,1998-01-10,ru,
RIP,07_1998-01-24,07,1998-01-24,ru,
RIP,08_1998-08-09,08,1998-08-09,ru,
RIP,09_1998-08-22,09,1998-08-22,ru,
RIP,10_1998-09-12,10,1998-09-12,ru,
RIP,11_2000-11-05,11,2000-11-05,ru,
RIP,12_2001-01-07,12,2001-01-07,ru,
RIP,13_2001-01-01,13,2001-01-01,ru,
RIP,14_2001-02-24,14,2001-02-24,ru,
RIP,15_2001-03-10,15,2001-03-10,ru,
RST,01_1998-06-25,01,1998-06-25,ru,
RST,02_1998-06-25,02,1998-06-25,ru,
RST,04_2002-08-17,04,2002-08-17,ru,
RUSH,01_1999-05-29,01,1999-05-29,ru,
RUSH,02_1999-11-30,02,1999-11-30,ru,
Realtime,01_1996-01-13,01,1996-01-13,ru,
Realtime,02_1996-02-29,02,1996-02-29,ru,
Red_Press,01_2001-08-29,01,2001-08-29,ru,
Reflex,01_1997-10-03,01,1997-10-03,ru,
Review,01_1997-10-31,01,1997-10-31,ru,
Revival,01_1997-06-14,01,1997-06-14,ru,
Revival,02_1997-07-06,02,1997-07-06,ru,
Revival,03_1997-08-02,03,1997-08-02,ru,
Revival,04_1997-10-20,04,1997-10-20,ru,
Rumorz,01_0000-01-01,01,0000-01-01,ru,
SOSG,01_1999-10-20,01,1999-10-20,ru,
SOSG,02_1999-10-25,02,1999-10-25,ru,
SOSG,03_1999-11-12,03,1999-11-12,ru,
SOSG,04_1999-11-17,04,1999-11-17,ru,
SOSG,05_1999-12-07,05,1999-12-07,ru,
SOSG,06_1999-12-15,06,1999-12-15,ru,
SPbZXNet-Pointovka,01_2002-07-14,01,2002-07-14,ru,
SPb_ZX_Week,01_1998-02-20,01,1998-02-20,ru,
SPb_ZX_Week,02_1998-02-23,02,1998-02-23,ru,
Scene_News,01_2000-11-23,01,2000-11-23,ru,
Scenergy,01_1999-05-31,01,1999-05-31,ru,
Scenergy,02_1999-12-31,02,1999-12-31,ru,
Scream,01_2001-05-31,01,2001-05-31,ru,
Scream,02_2002-01-29,02,2002-01-29,ru,
Scream,03_2003-01-31,03,2003-01-31,ru,
Scream,04_2004-09-30,04,2004-09-30,ru,
Scream,11_2011-08-26,11,2011-08-26,ru,
Screamergy,00_2002-09-01,00,2002-09-01,ru,
Screamergy,01_2002-10-01,01,2002-10-01,ru,
Screamergy,02_2003-02-01,02,2003-02-01,ru,
Screamergy,03_2003-03-01,03,2003-03-01,ru,
Scroller,01_1992-01-01,01,1992-01-01,ru,
Scroller,02_0000-01-01,02,0000-01-01,ru,
Shock,01_1998-01-01,01,1998-01-01,ru,
Shocker,01_1998-01-20,01,1998-01-20,ru,
Shupashkar,02_1999-10-09,02,1999-10-09,ru,
SibNews,01_2017-05-27,01,2017-05-27,ru,
SibNews,02_2017-06-04,02,2017-06-04,ru,
SibNews,03_2017-06-12,03,2017-06-12,ru,
SibNews,04_2017-07-25,04,2017-07-25,ru,
SibNews,05_2017-09-17,05,2017-09-17,ru,
SibNews,06_2017-10-31,06,2017-10-31,ru,
SibNews,07_2017-12-28,07,2017-12-28,ru,
SibNews,08_2018-01-01,08,2018-01-01,ru,
Sinc_Re-Stared,01_0000-01-01,01,0000-01-01,ru,
Sinc_Re-Stared,02_0000-01-01,02,0000-01-01,ru,
Sinc_Re-Stared,03_2006-02-28,03,2006-02-28,ru,
Sinclair_Club,01_1999-12-09,01,1999-12-09,ru,
Sinclair_Club,02_2000-03-09,02,2000-03-09,ru,
Sinclair_Club,03_2000-06-19,03,2000-06-19,ru,
Sinclair_Club,04_2001-05-25,04,2001-05-25,ru,
Sinclair_Club,05_2001-12-31,05,2001-12-31,ru,
Sinclair_Town,01_1995-03-31,01,1995-03-31,ru,
Sinclair_Town,02_1994-12-31,02,1994-12-31,ru,
Skimer,01_2000-07-31,01,2000-07-31,ru,
Skimer,02_2000-09-30,02,2000-09-30,ru,
Sky_Net,01_1996-08-22,01,1996-08-22,ru,
Sky_Net,02_1996-08-29,02,1996-08-29,ru,
Sky_Net,03_1996-09-22,03,1996-09-22,ru,
Sky_Net,04_1996-10-04,04,1996-10-04,ru,
Sky_Net,05_1996-10-08,05,1996-10-08,ru,
Smeh,01_1997-05-28,01,1997-05-28,ru,
Sorrow_News,01_1998-02-28,01,1998-02-28,ru,
Sorrow_News,02_1998-03-31,02,1998-03-31,ru,
Sorrow_News,03_1998-03-31,03,1998-03-31,ru,
Sorrow_News,04_1998-04-30,04,1998-04-30,ru,
Sorrow_News,05_1998-04-30,05,1998-04-30,ru,
SpecInfo,01_1997-08-28,01,1997-08-28,ru,
SpecInfo,02_1997-09-23,02,1997-09-23,ru,
SpecInfo,03_1997-10-18,03,1997-10-18,ru,
SpecInfo,04_1998-01-31,04,1998-01-31,ru,
SpecInfo,05_1999-10-26,05,1999-10-26,ru,
Speccy,01_1995-09-30,01,1995-09-30,ru,
Speccy,02_1995-10-31,02,1995-10-31,ru,
Speccy,03_1995-12-31,03,1995-12-31,ru,
Speccy,04_1996-02-29,04,1996-02-29,ru,
Speccy,05_1996-04-30,05,1996-04-30,ru,
Speccy,06_1996-08-31,06,1996-08-31,ru,
Speccy,07_1996-12-31,07,1996-12-31,ru,
Speccy_Life,01_1998-10-19,01,1998-10-19,ru,
Spectrofon,00_1993-11-30,00,1993-11-30,ru,
Spectrofon,01_1993-12-31,01,1993-12-31,ru,
Spectrofon,02_1994-01-31,02,1994-01-31,ru,
Spectrofon,03_1994-02-28,03,1994-02-28,ru,
Spectrofon,04_1994-03-31,04,1994-03-31,ru,
Spectrofon,05_1994-04-30,05,1994-04-30,ru,
Spectrofon,06_1994-05-31,06,1994-05-31,ru,
Spectrofon,07_1994-06-30,07,1994-06-30,ru,
Spectrofon,08_1994-07-31,08,1994-07-31,ru,
Spectrofon,09_1994-09-30,09,1994-09-30,ru,
Spectrofon,10_1995-02-02,10,1995-02-02,ru,
Spectrofon,11_1995-02-23,11,1995-02-23,ru,
Spectrofon,12_1995-03-24,12,1995-03-24,ru,
Spectrofon,13_1995-05-12,13,1995-05-12,ru,
Spectrofon,14_1995-08-23,14,1995-08-23,ru,
Spectrofon,15_1995-10-04,15,1995-10-04,ru,
Spectrofon,16_1995-12-20,16,1995-12-20,ru,
Spectrofon,17_1996-02-01,17,1996-02-01,ru,
Spectrofon,18_1996-03-22,18,1996-03-22,ru,
Spectrofon,19_1996-03-31,19,1996-03-31,ru,
Spectrofon,20_1996-10-11,20,1996-10-11,ru,
Spectrofon,21_1996-12-04,21,1996-12-04,ru,
Spectrofon,22_1997-07-20,22,1997-07-20,ru,
Spectrofon,23_1997-07-20,23,1997-07-20,ru,
Spectrofun,01_1997-03-31,01,1997-03-31,ru,
Spectrofun,02_1997-05-31,02,1997-05-31,ru,
Spectrofun,03_1997-06-30,03,1997-06-30,ru,
Spectron,01_1994-12-31,01,1994-12-31,ru,
Spectrophoby,01_1995-08-17,01,1995-08-17,ru,
Spectrophoby,02_1995-10-20,02,1995-10-20,ru,
Spectrophoby,03_1995-12-21,03,1995-12-21,ru,
Spectrophoby,04_1996-03-08,04,1996-03-08,ru,
Spectrophoby,05_1996-07-31,05,1996-07-31,ru,
Spectrophoby,06_1996-12-11,06,1996-12-11,ru,
Spectrum_Expert,01_1997-10-31,01,1997-10-31,ru,
Spectrum_Expert,02_1998-03-31,02,1998-03-31,ru,
Spectrum_Land,02_1996-10-31,02,1996-10-31,ru,
Spectrum_News,01_1993-02-28,01,1993-02-28,ru,
Spectrum_Progress,01_1996-09-30,01,1996-09-30,ru,
Spectrum_Progress,02_1997-01-19,02,1997-01-19,ru,
Spectrum_Progress,03_1998-04-01,03,1998-04-01,ru,
Spectrumania,01_0000-01-01,01,0000-01-01,ru,
Spite,01_1997-09-10,01,1997-09-10,ru,
Spite,02_1997-09-10,02,1997-09-10,ru,
Spite,03_1997-11-08,03,1997-11-08,ru,
Star,01_1996-08-30,01,1996-08-30,ru,
Star,02_1996-10-12,02,1996-10-12,ru,
Stump,01_1997-05-06,01,1997-05-06,ru,
Stump,02_1997-08-22,02,1997-08-22,ru,
Stump,03_1997-09-05,03,1997-09-05,ru,
Stump,04_1997-10-06,04,1997-10-06,ru,
Subliminal_Extacy,00_1994-01-01,00,1994-01-01,ru,
Subliminal_Extacy,01_1995-01-01,01,1995-01-01,ru,
Subliminal_Extacy,02_1995-01-01,02,1995-01-01,ru,
Subliminal_Extacy,03_2001-04-01,03,2001-04-01,ru,
Sweet,01_1997-01-24,01,1997-01-24,ru,
Tales_from_Crypt,01_1999-01-12,01,1999-01-12,ru,
TargeT,01_1999-06-12,01,1999-06-12,ru,
TargeT,02_1999-06-15,02,1999-06-15,ru,
TargeT,03_1999-06-16,03,1999-06-16,ru,
TargeT,04_1999-06-26,04,1999-06-26,ru,
TargeT,05_1999-08-27,05,1999-08-27,ru,
TargeT,06_2000-03-18,06,2000-03-18,ru,
TargeT,07_2000-12-02,07,2000-12-02,ru,
TargeT,08_2001-02-01,08,2001-02-01,ru,
TargeT,09_2001-09-01,09,2001-09-01,ru,
TargeT,10_2002-03-01,10,2002-03-01,ru,
TargeT,11_2003-08-03,11,2003-08-03,ru,
TargeT,12_2006-03-30,12,2006-03-30,ru,
TargeT,Bonus_2000-06-11,Bonus,2000-06-11,ru,
Teleconf__ZX-Net,09_1996-04-05,09,1996-04-05,ru,
Teleshow,01_0000-01-01,01,0000-01-01,ru,
Teleshow,02_0000-01-01,02,0000-01-01,ru,
Teleshow,03_0000-01-01,03,0000-01-01,ru,
Teleshow,04_0000-01-01,04,0000-01-01,ru,
Teleshow,05_0000-01-01,05,0000-01-01,ru,
Terminal,02_1996-06-25,02,1996-06-25,ru,
Terminal,03_1998-01-28,03,1998-01-28,ru,
Think,01_1997-09-09,01,1997-09-09,ru,
Think,02_1997-09-16,02,1997-09-16,ru,
Think,03_1997-08-23,03,1997-08-23,ru,
Think,04_1997-08-30,04,1997-08-30,ru,
Think,05_1998-01-09,05,1998-01-09,ru,
Think,06_1998-02-06,06,1998-02-06,ru,
Think,07_1998-03-08,07,1998-03-08,ru,
Think,08_1998-03-31,08,1998-03-31,ru,
Think,09_1998-04-30,09,1998-04-30,ru,
Think,10_1998-05-31,10,1998-05-31,ru,
Think,11_1998-06-06,11,1998-06-06,ru,
Think,12_1998-07-04,12,1998-07-04,ru,
Think,13_1998-07-11,13,1998-07-11,ru,
Think,14_1998-07-23,14,1998-07-23,ru,
Think,15_1998-07-25,15,1998-07-25,ru,
Think,16_1998-07-28,16,1998-07-28,ru,
Think,17_1998-08-01,17,1998-08-01,ru,
Think,18_1998-08-09,18,1998-08-09,ru,
Think,19_1998-08-15,19,1998-08-15,ru,
Think,20_1998-08-17,20,1998-08-17,ru,
Think,21_1998-08-19,21,1998-08-19,ru,
Think,22_1998-08-29,22,1998-08-29,ru,
Think,23_1998-12-30,23,1998-12-30,ru,
Think,24_1999-01-10,24,1999-01-10,ru,
Think,25_1999-01-31,25,1999-01-31,ru,
Think,26_1999-04-10,26,1999-04-10,ru,
Think,27_1999-05-18,27,1999-05-18,ru,
Think,28_1999-06-05,28,1999-06-05,ru,
Think,29.5_1999-07-24,29.5,1999-07-24,ru,
Think,29_1999-07-09,29,1999-07-09,ru,
Think,30_1999-08-09,30,1999-08-09,ru,
Think,31_1999-08-12,31,1999-08-12,ru,
Think,32_1999-08-14,32,1999-08-14,ru,
Think,33_1999-08-17,33,1999-08-17,ru,
Think,34_1999-08-21,34,1999-08-21,ru,
Think,35_1999-08-23,35,1999-08-23,ru,
Think,36_1999-08-25,36,1999-08-25,ru,
Think,37_1999-08-28,37,1999-08-28,ru,
Think,38_1999-08-30,38,1999-08-30,ru,
Think,39_1999-10-03,39,1999-10-03,ru,
Think,40_1999-11-05,40,1999-11-05,ru,
Think,41_1999-11-06,41,1999-11-06,ru,
Think,42_1999-12-24,42,1999-12-24,ru,
Think,43_2000-01-03,43,2000-01-03,ru,
Think,44_2000-03-18,44,2000-03-18,ru,
Think,45_2000-05-08,45,2000-05-08,ru,
Think,46_2000-08-04,46,2000-08-04,ru,
Think,47_2000-08-30,47,2000-08-30,ru,
Time,01_1996-03-30,01,1996-03-30,ru,
Totoro,01_2002-06-30,01,2002-06-30,ru,
Totoro,02_2002-06-30,02,2002-06-30,ru,
Tusovka,01_1999-05-21,01,1999-05-21,ru,
Tusovka,02_1998-12-27,02,1998-12-27,ru,
Tusovka,03_1999-01-14,03,1999-01-14,ru,
Tusovka,04_1998-01-12,04,1998-01-12,ru,
Tusovka,05_1999-05-22,05,1999-05-22,ru,
Tusovka,0808_1998-08-08,0808,1998-08-08,ru,
Tusovka,1010_1998-10-10,1010,1998-10-10,ru,
Tusovka,1508_1998-08-15,1508,1998-08-15,ru,
Tusovka,1710_1998-10-18,1710,1998-10-18,ru,
Ultimathum,01_2000-01-01,01,2000-01-01,ru,
Ultimathum,02_2001-03-20,02,2001-03-20,ru,
Unsteady_News,08_1997-07-07,08,1997-07-07,ru,
Virtual_Worlds,01_1999-12-31,01,1999-12-31,ru,
Voxon_s_Land,00_1997-05-31,00,1997-05-31,ru,
Voyager,00_1998-03-14,00,1998-03-14,ru,
Voyager,01_1998-07-06,01,1998-07-06,ru,
Voyager,02_1998-10-19,02,1998-10-19,ru,
Voyager,03_1998-10-19,03,1998-10-19,ru,
Voyager,04_1999-02-19,04,1999-02-19,ru,
Warez,01_0000-01-01,01,0000-01-01,ru,
Warez,02_0000-01-01,02,0000-01-01,ru,
Warez,03_0000-01-01,03,0000-01-01,ru,
WeekEnd,01_0000-01-01,01,0000-01-01,ru,
WeekEnd,02_0000-01-01,02,0000-01-01,ru,
WeekEnd,03_0000-01-01,03,0000-01-01,ru,
WeekEnd,04_0000-01-01,04,0000-01-01,ru,
WeekEnd,05_0000-01-01,05,0000-01-01,ru,
Welcome_Press,00_1994-12-31,00,1994-12-31,ru,
Welcome_Press,01_1995-12-31,01,1995-12-31,ru,
White_Crow,01_0000-01-01,01,0000-01-01,ru,
Wizard_Net_Page,01_1999-02-09,01,1999-02-09,ru,
Wizard_News,01_0000-01-01,01,0000-01-01,ru,
World_in_the_Web,01_1999-01-28,01,1999-01-28,ru,
X-Files,01_1997-01-31,01,1997-01-31,ru,
X-Files,02_1998-03-31,02,1998-03-31,ru,
X-Ray,01_1996-08-17,01,1996-08-17,ru,
X-Ray,02_1997-01-25,02,1997-01-25,ru,
X-Ray,03_1997-02-15,03,1997-02-15,ru,
X-Ray,04_1997-08-25,04,1997-08-25,ru,
Z80,01_1998-05-07,01,1998-05-07,ru,
Z80,02_1998-08-06,02,1998-08-06,ru,
Z80,03_1998-08-23,03,1998-08-23,ru,
Z80,04_1998-11-21,04,1998-11-21,ru,
Z80,05_1999-03-09,05,1999-03-09,ru,
Z80,06_2000-03-09,06,2000-03-09,ru,
ZX-Files,01_2000-12-29,01,2000-12-29,ru,
ZX-News,01_1996-09-01,01,1996-09-01,ru,
ZX-News,02_1996-09-08,02,1996-09-08,ru,
ZX-News,03_1996-09-15,03,1996-09-15,ru,
ZX-News,04_1996-09-22,04,1996-09-22,ru,
ZX-News,05_1996-09-22,05,1996-09-22,ru,
ZX-News,06_1996-09-29,06,1996-09-29,ru,
ZX-News,07_1996-10-06,07,1996-10-06,ru,
ZX-News,08_1996-10-08,08,1996-10-08,ru,
ZX-News,09_1996-10-15,09,1996-10-15,ru,
ZX-News,10_1996-10-22,10,1996-10-22,ru,
ZX-News,11_1996-10-29,11,1996-10-29,ru,
ZX-News,12_1996-10-29,12,1996-10-29,ru,
ZX-News,13_1996-11-05,13,1996-11-05,ru,
ZX-News,14_1996-11-12,14,1996-11-12,ru,
ZX-News,15_1996-11-19,15,1996-11-19,ru,
ZX-News,16_1996-11-26,16,1996-11-26,ru,
ZX-News,17_1996-12-03,17,1996-12-03,ru,
ZX-News,18_1996-12-08,18,1996-12-08,ru,
ZX-News,19_1996-12-10,19,1996-12-10,ru,
ZX-News,20_1996-12-19,20,1996-12-19,ru,
ZX-News,21_1997-02-21,21,1997-02-21,ru,
ZX-News,22_1997-02-25,22,1997-02-25,ru,
ZX-News,23_1997-03-04,23,1997-03-04,ru,
ZX-News,24_1997-03-12,24,1997-03-12,ru,
ZX-News,25_1997-04-01,25,1997-04-01,ru,
ZX-News,26_1997-04-03,26,1997-04-03,ru,
ZX-News,27_1997-04-08,27,1997-04-08,ru,
ZX-News,28_1997-04-22,28,1997-04-22,ru,
ZX-News,29_1997-04-22,29,1997-04-22,ru,
ZX-News,30_1997-05-06,30,1997-05-06,ru,
ZX-News,31_1997-05-13,31,1997-05-13,ru,
ZX-News,32_1997-05-19,32,1997-05-19,ru,
ZX-News,33_1997-05-21,33,1997-05-21,ru,
ZX-News,34_1997-06-04,34,1997-06-04,ru,
ZX-News,35_1997-06-26,35,1997-06-26,ru,
ZX-News,36_1997-07-02,36,1997-07-02,ru,
ZX-News,37_1997-07-15,37,1997-07-15,ru,
ZX-News,38_1997-08-13,38,1997-08-13,ru,
ZX-News,39_1997-08-18,39,1997-08-18,ru,
ZX-News,40_1997-08-27,40,1997-08-27,ru,
ZX-News,41_1997-09-30,41,1997-09-30,ru,
ZX-News,42_1998-09-27,42,1998-09-27,ru,
ZX-News,43_1998-11-26,43,1998-11-26,ru,
ZX-News,44_1998-12-06,44,1998-12-06,ru,
ZX-News,45_1999-02-18,45,1999-02-18,ru,
ZX-News,46_1999-03-01,46,1999-03-01,ru,
ZX-News,47_1999-04-02,47,1999-04-02,ru,
ZX-News,48_1999-06-09,48,1999-06-09,ru,
ZX-News,49_1999-10-06,49,1999-10-06,ru,
ZX-News,50_1999-12-30,50,1999-12-30,ru,
ZX-News,51_2000-04-22,51,2000-04-22,ru,
ZX-News,52_2000-10-06,52,2000-10-06,ru,
ZX-News,53_2000-12-12,53,2000-12-12,ru,
ZX-News,54_2000-12-30,54,2000-12-30,ru,
ZX_Chart,01_2000-10-01,01,2000-10-01,ru,
ZX_Chart,02_2001-07-01,02,2001-07-01,ru,
ZX_Chart,03_2001-07-01,03,2001-07-01,ru,
ZX_City,01_1998-09-01,01,1998-09-01,ru,
ZX_City,02_1998-09-22,02,1998-09-22,ru,
ZX_City,03_1998-10-06,03,1998-10-06,ru,
ZX_City,04_1998-10-13,04,1998-10-13,ru,
ZX_City,05_1998-10-19,05,1998-10-19,ru,
ZX_City,06_1998-11-04,06,1998-11-04,ru,
ZX_City,07_1998-11-20,07,1998-11-20,ru,
ZX_City,08_1999-01-25,08,1999-01-25,ru,
ZX_City,09_1999-02-21,09,1999-02-21,ru,
ZX_City,10_1999-04-25,10,1999-04-25,ru,
ZX_City,11_1999-08-06,11,1999-08-06,ru,
ZX_Club,01_1997-07-29,01,1997-07-29,ru,
ZX_Club,02_1997-08-31,02,1997-08-31,ru,
ZX_Club,03_1997-09-16,03,1997-09-16,ru,
ZX_Club,04_1997-09-16,04,1997-09-16,ru,
ZX_Club,05_1997-10-29,05,1997-10-29,ru,
ZX_Club,06_1997-12-31,06,1997-12-31,ru,
ZX_Club,07_1998-02-28,07,1998-02-28,ru,
ZX_Club,08_1998-05-31,08,1998-05-31,ru,
ZX_Club,09_1998-10-31,09,1998-10-31,ru,
ZX_Digest,01_1995-08-31,01,1995-08-31,ru,
ZX_Digest,02_1995-09-30,02,1995-09-30,ru,
ZX_Doze,01_1997-04-27,01,1997-04-27,ru,
ZX_Element,01_1997-11-17,01,1997-11-17,ru,
ZX_Element,02_1998-06-06,02,1998-06-06,ru,
ZX_Ferrum,00_2004-01-09,00,2004-01-09,ru,
ZX_Ferrum,01_2004-02-07,01,2004-02-07,ru,
ZX_Ferrum,02_2004-04-26,02,2004-04-26,ru,
ZX_Ferrum,03_2005-02-27,03,2005-02-27,ru,
ZX_Football_2000,01_1999-12-31,01,1999-12-31,ru,
ZX_Format,01_1995-10-31,01,1995-10-31,ru,
ZX_Format,02_1995-11-30,02,1995-11-30,ru,
ZX_Format,03_1996-02-29,03,1996-02-29,ru,
ZX_Format,04_1996-06-14,04,1996-06-14,ru,
ZX_Format,05_1996-12-11,05,1996-12-11,ru,
ZX_Format,06_1997-07-29,06,1997-07-29,ru,
ZX_Format,07_1997-12-05,07,1997-12-05,ru,
ZX_Format,08_1997-12-31,08,1997-12-31,ru,
ZX_Format,4.5_1996-08-29,4.5,1996-08-29,ru,
ZX_Forum,04_1997-11-19,04,1997-11-19,ru,
ZX_Guide,01_1998-11-27,01,1998-11-27,ru,
ZX_Hard,00_1998-08-31,00,1998-08-31,ru,
ZX_Hard,01_1999-05-06,01,1999-05-06,ru,
ZX_Hard,02_1999-10-28,02,1999-10-28,ru,
ZX_Healthless,00_0000-01-01,00,0000-01-01,ru,
ZX_Humor,03_0000-01-01,03,0000-01-01,ru,
ZX_Jump,01_1997-10-23,01,1997-10-23,ru,
ZX_Jump,02_1999-03-10,02,1999-03-10,ru,
ZX_Jump,03_1999-06-13,03,1999-06-13,ru,
ZX_Jump,04_1999-08-29,04,1999-08-29,ru,
ZX_Konig,01_1994-12-31,01,1994-12-31,ru,
ZX_Konig,02_1994-12-31,02,1994-12-31,ru,
ZX_Konig,03_1995-04-30,03,1995-04-30,ru,
ZX_Konig,04_1995-12-31,04,1995-12-31,ru,
ZX_Light,01_1997-12-18,01,1997-12-18,ru,
ZX_Light,02_1998-01-10,02,1998-01-10,ru,
ZX_Light,03_1998-02-22,03,1998-02-22,ru,
ZX_Light,04_1998-03-24,04,1998-03-24,ru,
ZX_Light,05_1998-04-21,05,1998-04-21,ru,
ZX_Light,06_1998-06-09,06,1998-06-09,ru,
ZX_Light,07_1998-07-05,07,1998-07-05,ru,
ZX_Light,08_1998-08-10,08,1998-08-10,ru,
ZX_Light,09_1998-09-08,09,1998-09-08,ru,
ZX_Light,0A_1998-10-30,0A,1998-10-30,ru,
ZX_Light,0B_1999-11-03,0B,1999-11-03,ru,
ZX_Light,0C_2000-05-17,0C,2000-05-17,ru,
ZX_Light,9.5_1998-09-20,9.5,1998-09-20,ru,
ZX_Live,02_0000-01-01,02,0000-01-01,ru,
ZX_Live,03_2009-11-26,03,2009-11-26,ru,
ZX_Live,04_2009-11-26,04,2009-11-26,ru,
ZX_Magazine,01_1995-10-08,01,1995-10-08,ru,
ZX_Magazine,02_1995-10-22,02,1995-10-22,ru,
ZX_Magazine,07_0000-01-01,07,0000-01-01,ru,
ZX_News,01_1995-01-31,01,1995-01-31,ru,
ZX_News,02_1996-11-30,02,1996-11-30,ru,
ZX_News,03_1997-02-28,03,1997-02-28,ru,
ZX_Panorama,01_1993-11-01,01,1993-11-01,ru,
ZX_Paper,01_0000-01-01,01,0000-01-01,ru,
ZX_Park,01_1997-01-20,01,1997-01-20,ru,
ZX_Park,02_1997-01-20,02,1997-01-20,ru,
ZX_Park,03_1997-02-20,03,1997-02-20,ru,
ZX_Park,04_1997-02-25,04,1997-02-25,ru,
ZX_Park,05_1997-03-11,05,1997-03-11,ru,
ZX_Park,06_1997-03-23,06,1997-03-23,ru,
ZX_Park,07_1997-04-04,07,1997-04-04,ru,
ZX_Park,08_1997-04-21,08,1997-04-21,ru,
ZX_Park,09_1997-05-04,09,1997-05-04,ru,
ZX_Park,10_1997-05-11,10,1997-05-11,ru,
ZX_Park,11.5_1997-05-31,11.5,1997-05-31,ru,
ZX_Park,11_1997-05-23,11,1997-05-23,ru,
ZX_Park,12_1997-05-31,12,1997-05-31,ru,
ZX_Park,13_1997-06-09,13,1997-06-09,ru,
ZX_Park,14_1997-07-02,14,1997-07-02,ru,
ZX_Park,15_1997-07-24,15,1997-07-24,ru,
ZX_Park,16_1997-08-14,16,1997-08-14,ru,
ZX_Park,17_1997-08-24,17,1997-08-24,ru,
ZX_Pilot,01_1996-11-24,01,1996-11-24,ru,
ZX_Pilot,02_1996-12-24,02,1996-12-24,ru,
ZX_Pilot,03_1997-01-24,03,1997-01-24,ru,
ZX_Pilot,04_1997-02-24,04,1997-02-24,ru,
ZX_Pilot,05_1997-03-18,05,1997-03-18,ru,
ZX_Pilot,06_1997-04-01,06,1997-04-01,ru,
ZX_Pilot,07_1997-04-15,07,1997-04-15,ru,
ZX_Pilot,08_1997-04-28,08,1997-04-28,ru,
ZX_Pilot,09_1997-05-20,09,1997-05-20,ru,
ZX_Pilot,10_1997-05-31,10,1997-05-31,ru,
ZX_Pilot,11_1997-06-16,11,1997-06-16,ru,
ZX_Pilot,12_1997-07-09,12,1997-07-09,ru,
ZX_Pilot,13_1997-08-12,13,1997-08-12,ru,
ZX_Pilot,14_1997-08-28,14,1997-08-28,ru,
ZX_Pilot,15_1997-09-18,15,1997-09-18,ru,
ZX_Pilot,16_1997-11-05,16,1997-11-05,ru,
ZX_Pilot,17_1997-12-09,17,1997-12-09,ru,
ZX_Pilot,18_1998-01-06,18,1998-01-06,ru,
ZX_Pilot,19_1998-02-12,19,1998-02-12,ru,
ZX_Pilot,20_1998-02-23,20,1998-02-23,ru,
ZX_Pilot,21_1998-03-08,21,1998-03-08,ru,
ZX_Pilot,22_1998-04-14,22,1998-04-14,ru,
ZX_Pilot,23_1998-05-10,23,1998-05-10,ru,
ZX_Pilot,24_1998-05-31,24,1998-05-31,ru,
ZX_Pilot,25_1998-06-30,25,1998-06-30,ru,
ZX_Pilot,26_1998-07-31,26,1998-07-31,ru,
ZX_Pilot,27_1998-08-04,27,1998-08-04,ru,
ZX_Pilot,28_1998-09-18,28,1998-09-18,ru,
ZX_Pilot,29_1998-09-30,29,1998-09-30,ru,
ZX_Pilot,30_1998-12-19,30,1998-12-19,ru,
ZX_Pilot,31_1999-02-20,31,1999-02-20,ru,
ZX_Pilot,32_1999-05-29,32,1999-05-29,ru,
ZX_Pilot,33_1999-06-18,33,1999-06-18,ru,
ZX_Pilot,34_1999-07-20,34,1999-07-20,ru,
ZX_Pilot,35_1999-11-27,35,1999-11-27,ru,
ZX_Pilot,36_2000-03-11,36,2000-03-11,ru,
ZX_Pilot,37_2000-03-31,37,2000-03-31,ru,
ZX_Pilot,38_2000-05-31,38,2000-05-31,ru,
ZX_Pilot,39_2000-10-11,39,2000-10-11,ru,
ZX_Pilot,40_2000-12-30,40,2000-12-30,ru,
ZX_Pilot,41_2002-12-29,41,2002-12-29,ru,
ZX_Pilot,42_2005-12-09,42,2005-12-09,ru,
ZX_Power,01_1996-10-11,01,1996-10-11,ru,
ZX_Power,02_1997-05-24,02,1997-05-24,ru,
ZX_Power,03_1997-12-31,03,1997-12-31,ru,
ZX_Power,04_2000-01-09,04,2000-01-09,ru,
ZX_Press,01_1999-09-15,01,1999-09-15,ru,
ZX_Review,1-2_1996-12-31,1-2,1996-12-31,ru,
ZX_Review,11-12_1997-11-26,11-12,1997-11-26,ru,
ZX_Review,3-4_1997-07-22,3-4,1997-07-22,ru,
ZX_Review,5-6_1997-11-04,5-6,1997-11-04,ru,
ZX_Review,7-8-9-10_1997-11-08,7-8-9-10,1997-11-08,ru,
ZX_Rulez_Magazine,01_1999-01-04,01,1999-01-04,ru,
ZX_Software,01_1996-12-31,01,1996-12-31,ru,
ZX_Time,01_2001-09-04,01,2001-09-04,ru,
ZX_Time,02_2001-09-04,02,2001-09-04,ru,
ZX_Time,03_2001-10-13,03,2001-10-13,ru,
ZX_Time,04_2001-11-17,04,2001-11-17,ru,
ZX_Time,05_2001-12-14,05,2001-12-14,ru,
ZX_Time,06_2002-01-09,06,2002-01-09,ru,
ZX_Time,07_2002-01-31,07,2002-01-31,ru,
ZX_Time,08_2002-04-30,08,2002-04-30,ru,
ZX_Time,09_2002-07-21,09,2002-07-21,ru,
ZX_Time,10_2002-11-22,10,2002-11-22,ru,
ZX_Time,11_2002-11-22,11,2002-11-22,ru,
ZX_Time,12_2003-05-27,12,2003-05-27,ru,
ZX_Time,13_2003-08-09,13,2003-08-09,ru,
ZX_Time,14_2005-01-08,14,2005-01-08,ru,
ZX_Time,15_2005-02-26,15,2005-02-26,ru,
ZX_User,01_1996-11-16,01,1996-11-16,ru,
ZX_User,02_1996-12-05,02,1996-12-05,ru,
ZX_User,03_1997-01-15,03,1997-01-15,ru,
ZX_World,01_1996-04-21,01,1996-04-21,ru,
ZX_World,02_1996-04-29,02,1996-04-29,ru,
ZX_Zone,01_2004-08-10,01,2004-08-10,ru,
ZX_Zone,02_2004-10-02,02,2004-10-02,ru,
ZX_Zone,03_2004-12-24,03,2004-12-24,ru,
ZX_Zone,04_2005-02-15,04,2005-02-15,ru,
Zed,01_1998-12-31,01,1998-12-31,ru,
Zodiac,01_1999-01-31,01,1999-01-31,ru,
Zodiac,02_1999-03-31,02,1999-03-31,ru,
cafe_photo_album,2003_2003-06-01,2003,2003-06-01,ru,
